부산광역시 강서구,부산광역시 금정구,부산광역시 기장군,부산광역시 남구,부산광역시 동구,부산광역시 동래구,부산광역시 부산진구,부산광역시 북구,부산광역시 사상구,부산광역시 사하구,부산광역시 서구,부산광역시 수영구,부산광역시 연제구,부산광역시 영도구,부산광역시 중구,부산광역시 해운대구,일시
25.0,21.33333333333333,22.0,19.5,17.666666666666668,27.5,15.5,28.5,22.0,20.0,20.0,27.0,25.0,12.5,18.0,21.0,2022-06-01 00:00:00
26.6,24.33333333333333,21.5,18.0,18.0,27.5,16.0,28.5,19.33333333333333,18.5,22.0,23.0,20.0,16.0,19.0,21.5,2022-06-01 01:00:00
27.6,21.0,18.0,20.0,18.33333333333333,24.0,21.5,18.0,22.666666666666668,17.5,22.0,28.0,18.0,15.5,19.0,22.5,2022-06-01 02:00:00
27.6,18.666666666666668,21.5,19.0,18.666666666666668,20.0,20.5,23.0,27.0,23.5,19.0,24.0,19.0,20.0,22.0,22.0,2022-06-01 03:00:00
25.2,17.333333333333332,18.0,20.5,28.0,25.5,20.5,21.5,30.666666666666668,24.5,29.0,21.0,24.0,20.5,19.0,17.5,2022-06-01 04:00:00
31.2,19.0,17.5,21.0,23.666666666666668,25.5,22.5,19.0,25.0,24.5,26.0,24.0,24.0,20.0,22.0,21.5,2022-06-01 05:00:00
34.2,18.0,21.0,23.0,28.0,25.0,27.5,26.0,39.66666666666666,23.5,22.0,35.0,22.0,24.5,28.0,21.5,2022-06-01 06:00:00
32.0,21.666666666666668,28.0,26.5,28.33333333333333,32.5,27.0,28.5,40.66666666666666,39.0,28.0,32.0,17.0,23.5,29.0,32.0,2022-06-01 07:00:00
38.8,24.0,27.5,26.0,37.66666666666666,31.0,42.0,33.0,40.0,53.5,22.0,37.0,29.0,17.5,34.0,35.5,2022-06-01 08:00:00
42.0,25.666666666666668,24.0,38.5,42.333333333333336,28.5,47.5,31.5,39.0,48.5,17.0,34.0,27.0,23.0,48.0,31.0,2022-06-01 09:00:00
36.4,24.666666666666668,23.0,26.0,51.66666666666666,36.0,46.5,34.0,36.0,34.5,33.0,42.0,26.0,26.0,58.0,29.0,2022-06-01 10:00:00
35.6,24.666666666666668,23.0,29.5,45.333333333333336,32.0,30.5,23.5,29.0,41.0,39.0,31.0,27.0,26.0,36.0,27.0,2022-06-01 11:00:00
32.2,27.33333333333333,26.0,24.0,37.333333333333336,37.5,17.0,31.0,34.0,32.5,32.0,21.0,23.0,24.5,28.0,23.5,2022-06-01 12:00:00
23.2,24.33333333333333,21.5,17.5,30.0,31.5,38.5,37.5,30.33333333333333,28.5,26.0,25.0,26.0,21.0,26.0,22.0,2022-06-01 13:00:00
21.0,24.666666666666668,24.0,19.0,24.0,25.5,24.0,36.5,27.666666666666668,26.5,23.0,27.0,20.0,22.0,23.0,22.5,2022-06-01 14:00:00
20.4,23.33333333333333,17.5,13.5,25.666666666666668,27.0,16.0,28.0,22.0,21.0,13.0,35.0,22.0,15.5,24.0,17.0,2022-06-01 15:00:00
22.6,19.0,19.0,13.0,20.33333333333333,24.5,10.0,29.0,26.33333333333333,22.0,15.0,36.0,16.0,15.5,21.0,18.5,2022-06-01 16:00:00
25.8,20.0,19.0,19.5,28.666666666666668,21.5,17.5,23.5,26.0,24.0,22.0,38.0,17.0,14.5,23.0,20.0,2022-06-01 17:00:00
27.2,20.33333333333333,18.0,20.0,23.0,20.0,20.5,32.0,27.0,25.0,24.0,27.0,22.0,18.5,25.0,21.5,2022-06-01 18:00:00
26.4,22.0,17.0,21.5,26.0,29.5,30.0,32.0,22.0,21.5,26.0,20.0,23.0,19.5,28.0,24.5,2022-06-01 19:00:00
24.6,23.33333333333333,24.5,20.5,17.333333333333332,23.0,26.0,25.0,24.0,21.5,29.0,22.0,22.0,18.0,32.0,24.5,2022-06-01 20:00:00
23.2,21.666666666666668,23.5,21.5,21.666666666666668,23.5,24.0,25.0,22.33333333333333,21.5,26.0,22.0,17.0,17.5,18.0,23.0,2022-06-01 21:00:00
26.2,21.0,21.5,13.5,23.666666666666668,22.5,19.0,22.5,22.33333333333333,23.0,23.0,17.0,23.0,36.5,15.0,20.0,2022-06-01 22:00:00
21.0,18.0,21.0,18.5,22.0,22.0,24.5,24.0,23.33333333333333,23.0,21.0,21.0,24.0,20.5,23.0,21.5,2022-06-01 23:00:00
22.2,16.333333333333332,21.5,23.0,18.0,17.5,25.5,19.0,24.33333333333333,23.0,17.0,22.0,19.0,18.5,27.0,21.5,2022-06-02 00:00:00
22.6,17.0,16.5,20.0,16.0,16.5,25.5,21.5,18.33333333333333,24.0,16.0,22.0,17.0,19.0,23.0,19.0,2022-06-02 01:00:00
23.0,13.333333333333334,13.5,20.5,15.333333333333334,19.0,32.5,15.5,21.666666666666668,21.0,16.0,17.0,18.0,18.5,20.0,22.5,2022-06-02 02:00:00
22.0,14.0,19.5,15.0,13.333333333333334,18.5,20.0,15.5,22.33333333333333,20.0,22.0,16.0,16.0,14.0,24.0,20.0,2022-06-02 03:00:00
16.2,13.666666666666666,15.5,17.5,14.666666666666666,14.5,17.5,17.5,19.666666666666668,25.0,22.0,20.0,15.0,18.5,21.0,18.0,2022-06-02 04:00:00
25.6,13.666666666666666,16.5,16.0,16.666666666666668,20.0,14.0,19.5,24.0,23.0,15.0,16.0,12.0,21.0,21.0,18.5,2022-06-02 05:00:00
27.2,16.333333333333332,17.5,17.5,21.0,21.5,19.5,21.5,34.666666666666664,26.5,23.0,19.0,22.0,18.0,19.0,21.5,2022-06-02 06:00:00
31.4,17.666666666666668,21.0,26.5,22.0,22.5,24.0,23.0,32.666666666666664,24.5,17.0,18.0,20.0,16.5,25.0,21.5,2022-06-02 07:00:00
26.0,24.33333333333333,18.0,26.0,21.666666666666668,26.0,33.0,27.5,35.333333333333336,21.0,20.0,33.0,26.0,17.0,26.0,25.5,2022-06-02 08:00:00
23.6,33.0,19.5,22.0,24.666666666666668,26.0,29.5,31.0,37.333333333333336,25.0,26.0,37.0,22.0,18.5,32.0,24.5,2022-06-02 09:00:00
21.4,44.333333333333336,25.5,23.5,34.333333333333336,29.5,24.0,31.0,34.666666666666664,26.5,30.0,50.0,20.0,13.5,38.0,22.0,2022-06-02 10:00:00
31.4,30.0,27.0,25.5,30.666666666666668,31.0,35.0,30.5,33.333333333333336,26.0,33.0,47.0,0.0,20.5,34.0,22.0,2022-06-02 11:00:00
25.6,31.666666666666668,28.0,23.0,31.666666666666668,33.0,34.0,30.0,37.66666666666666,30.5,36.0,64.0,0.0,18.5,31.0,26.5,2022-06-02 12:00:00
23.4,31.33333333333333,24.0,24.5,18.33333333333333,29.0,23.0,34.0,40.0,26.0,25.0,35.0,32.0,21.0,29.0,26.0,2022-06-02 13:00:00
27.4,36.333333333333336,29.5,37.0,12.0,32.5,32.5,28.0,42.333333333333336,30.0,32.0,69.0,26.0,17.0,29.0,26.0,2022-06-02 14:00:00
26.6,45.66666666666666,34.0,28.0,9.0,39.0,26.5,30.0,46.66666666666666,28.0,24.0,55.0,25.0,20.0,37.0,24.5,2022-06-02 15:00:00
23.0,32.666666666666664,31.0,23.5,20.666666666666668,32.0,11.5,35.0,41.0,30.0,25.0,50.0,24.0,22.5,29.0,21.5,2022-06-02 16:00:00
27.6,23.666666666666668,24.5,23.5,33.0,31.0,13.0,29.5,36.0,26.5,38.0,43.0,31.0,19.0,26.0,26.0,2022-06-02 17:00:00
28.0,27.33333333333333,27.0,23.0,20.666666666666668,32.0,26.5,25.5,33.0,26.0,30.0,20.0,25.0,19.5,21.0,24.5,2022-06-02 18:00:00
27.0,24.0,24.0,23.0,19.666666666666668,31.5,30.5,30.0,30.666666666666668,24.5,27.0,24.0,24.0,18.5,23.0,24.0,2022-06-02 19:00:00
27.4,22.33333333333333,20.5,23.0,11.666666666666666,30.5,28.5,31.0,26.0,27.5,25.0,23.0,22.0,17.0,24.0,27.5,2022-06-02 20:00:00
23.2,24.0,24.0,22.5,11.0,30.5,29.0,24.5,26.666666666666668,29.0,23.0,24.0,27.0,17.5,27.0,25.5,2022-06-02 21:00:00
18.4,22.0,26.5,25.0,17.333333333333332,22.5,22.5,22.5,23.33333333333333,22.5,27.0,35.0,24.0,17.5,27.0,26.5,2022-06-02 22:00:00
19.8,24.666666666666668,20.0,22.5,12.333333333333334,25.0,16.5,18.5,24.0,22.5,18.0,27.0,16.0,19.5,22.0,22.0,2022-06-02 23:00:00
20.0,22.33333333333333,24.0,26.0,15.0,19.0,18.5,21.0,20.666666666666668,19.0,19.0,26.0,16.0,15.0,24.0,22.5,2022-06-03 00:00:00
28.2,23.666666666666668,24.0,22.5,16.0,23.0,19.0,20.5,24.666666666666668,18.5,18.0,31.0,22.0,18.0,20.0,21.5,2022-06-03 01:00:00
27.8,23.33333333333333,27.0,20.0,14.666666666666666,22.5,19.0,19.0,23.666666666666668,23.5,24.0,20.0,24.0,18.0,20.0,24.0,2022-06-03 02:00:00
21.4,20.666666666666668,23.0,20.5,16.666666666666668,25.5,25.0,29.0,29.666666666666668,27.5,32.0,27.0,23.0,21.5,27.0,25.0,2022-06-03 03:00:00
29.2,20.33333333333333,24.0,26.0,23.0,29.0,30.0,26.0,33.333333333333336,30.5,32.0,26.0,30.0,20.5,21.0,27.0,2022-06-03 04:00:00
32.4,23.0,24.5,27.5,23.33333333333333,29.5,33.0,27.0,34.0,31.5,35.0,33.0,32.0,23.5,24.0,29.5,2022-06-03 05:00:00
35.8,24.33333333333333,28.5,33.0,25.0,31.0,35.0,30.0,36.0,32.5,34.0,28.0,28.0,27.0,32.0,28.0,2022-06-03 06:00:00
39.0,24.666666666666668,29.0,37.5,16.666666666666668,37.5,39.0,34.0,50.0,41.5,34.0,35.0,36.0,31.5,39.0,38.0,2022-06-03 07:00:00
34.6,30.33333333333333,30.5,40.0,20.666666666666668,40.5,41.5,35.5,45.333333333333336,53.5,43.0,34.0,37.0,36.5,51.0,34.5,2022-06-03 08:00:00
40.0,37.333333333333336,36.5,41.5,36.0,41.5,29.0,42.0,48.0,68.5,54.0,43.0,39.0,36.5,60.0,39.5,2022-06-03 09:00:00
39.8,35.333333333333336,41.5,33.5,15.333333333333334,40.0,36.0,43.0,50.66666666666666,48.5,45.0,38.0,48.0,30.5,44.0,41.5,2022-06-03 10:00:00
34.8,47.66666666666666,48.0,36.0,37.333333333333336,51.0,46.5,41.0,49.0,48.5,45.0,57.0,43.0,34.0,45.0,42.5,2022-06-03 11:00:00
49.4,47.333333333333336,45.5,41.0,35.333333333333336,44.5,64.5,53.0,54.66666666666666,50.5,48.0,44.0,47.0,39.0,50.0,42.0,2022-06-03 12:00:00
49.2,41.0,41.0,36.5,34.666666666666664,44.5,38.0,51.5,62.66666666666666,51.0,50.0,43.0,39.0,31.0,43.0,36.5,2022-06-03 13:00:00
48.4,36.66666666666666,38.0,30.0,36.333333333333336,36.0,37.5,39.0,48.333333333333336,60.5,43.0,38.0,43.0,30.5,33.0,34.5,2022-06-03 14:00:00
45.2,32.333333333333336,35.0,32.5,51.66666666666666,32.5,44.5,34.0,45.333333333333336,50.5,40.0,31.0,35.0,29.0,32.0,32.0,2022-06-03 15:00:00
41.0,25.666666666666668,29.0,26.0,44.0,30.0,21.5,37.0,40.333333333333336,50.5,37.0,28.0,28.0,27.0,31.0,27.0,2022-06-03 16:00:00
36.4,24.33333333333333,28.5,26.0,36.66666666666666,31.5,25.5,29.5,32.666666666666664,47.0,34.0,27.0,32.0,24.0,26.0,28.5,2022-06-03 17:00:00
36.2,31.33333333333333,33.5,22.0,36.333333333333336,27.5,31.0,28.5,31.0,30.0,34.0,27.0,27.0,27.5,26.0,28.5,2022-06-03 18:00:00
35.0,32.0,28.5,29.0,37.0,34.5,29.0,31.0,32.0,35.0,35.0,31.0,28.0,25.5,32.0,33.5,2022-06-03 19:00:00
33.0,25.666666666666668,28.0,25.0,36.0,38.0,34.0,35.0,30.33333333333333,30.5,35.0,29.0,37.0,25.5,28.0,31.5,2022-06-03 20:00:00
35.2,28.0,27.5,24.5,36.0,32.0,41.5,28.5,31.33333333333333,30.0,33.0,30.0,31.0,24.0,30.0,26.5,2022-06-03 21:00:00
32.8,24.33333333333333,21.0,26.5,33.666666666666664,32.5,23.0,27.0,26.0,28.0,27.0,26.0,28.0,23.0,23.0,28.0,2022-06-03 22:00:00
28.4,23.0,22.5,27.0,35.666666666666664,30.0,26.5,25.0,23.666666666666668,24.5,32.0,34.0,33.0,21.5,29.0,27.0,2022-06-03 23:00:00
24.6,21.666666666666668,16.5,24.5,37.0,24.0,29.0,19.5,23.33333333333333,26.0,32.0,29.0,27.0,19.5,27.0,23.5,2022-06-04 00:00:00
25.2,21.0,19.0,20.0,33.333333333333336,25.5,22.5,21.5,21.33333333333333,27.5,27.0,25.0,27.0,18.5,26.0,23.5,2022-06-04 01:00:00
24.2,18.666666666666668,20.0,20.5,29.666666666666668,19.5,18.5,22.0,24.666666666666668,28.0,23.0,25.0,17.0,20.5,30.0,21.0,2022-06-04 02:00:00
21.4,16.0,18.0,21.5,27.33333333333333,22.5,18.5,19.0,21.666666666666668,21.0,23.0,27.0,21.0,17.5,25.0,20.5,2022-06-04 03:00:00
22.8,19.0,23.5,20.5,28.33333333333333,22.0,18.0,17.5,19.0,22.5,26.0,23.0,21.0,18.5,27.0,21.5,2022-06-04 04:00:00
22.0,16.333333333333332,20.0,20.0,26.33333333333333,20.5,17.0,19.5,21.33333333333333,21.0,21.0,25.0,22.0,18.0,23.0,22.5,2022-06-04 05:00:00
21.0,21.33333333333333,18.0,17.0,27.0,20.0,35.5,20.0,19.666666666666668,25.0,24.0,18.0,21.0,19.0,21.0,21.0,2022-06-04 06:00:00
22.8,18.0,19.0,19.0,26.0,22.0,11.0,16.0,18.666666666666668,21.0,25.0,21.0,21.0,16.0,21.0,21.5,2022-06-04 07:00:00
23.6,18.666666666666668,22.0,15.5,22.0,24.5,34.0,15.5,17.0,22.5,21.0,17.0,16.0,18.5,22.0,19.5,2022-06-04 08:00:00
24.2,21.666666666666668,16.0,17.0,27.33333333333333,23.5,20.0,24.5,23.0,26.5,19.0,15.0,26.0,17.0,27.0,19.5,2022-06-04 09:00:00
26.2,18.666666666666668,21.5,15.0,30.33333333333333,20.0,9.5,21.0,19.33333333333333,34.5,22.0,23.0,16.0,17.5,23.0,24.0,2022-06-04 10:00:00
25.2,17.333333333333332,19.5,18.0,40.0,18.5,19.0,19.0,19.0,26.5,23.0,18.0,17.0,18.5,25.0,18.0,2022-06-04 11:00:00
23.0,16.0,18.5,17.0,23.666666666666668,17.5,19.5,17.5,17.333333333333332,34.5,20.0,18.0,16.0,9.0,24.0,21.0,2022-06-04 12:00:00
19.4,12.666666666666666,20.0,17.5,22.0,15.0,12.5,14.5,15.333333333333334,17.5,17.0,17.0,16.0,14.5,15.0,18.0,2022-06-04 13:00:00
20.6,16.0,17.5,16.0,27.0,16.5,14.0,15.0,14.333333333333334,23.0,23.0,15.0,15.0,20.0,15.0,18.5,2022-06-04 14:00:00
21.0,15.333333333333334,16.5,19.5,23.666666666666668,13.0,12.5,19.5,12.333333333333334,24.5,20.0,15.0,20.0,20.5,16.0,16.5,2022-06-04 15:00:00
20.8,14.666666666666666,18.5,17.0,20.666666666666668,14.0,11.5,14.0,14.333333333333334,22.5,17.0,26.0,16.0,17.0,20.0,18.5,2022-06-04 16:00:00
23.0,13.333333333333334,16.5,20.0,20.666666666666668,18.0,16.5,13.5,15.0,22.5,20.0,14.0,21.0,18.0,26.0,18.0,2022-06-04 17:00:00
23.4,16.0,20.0,15.0,16.666666666666668,23.0,14.0,21.0,18.33333333333333,25.0,20.0,18.0,18.0,17.5,19.0,22.5,2022-06-04 18:00:00
21.4,17.0,8.5,18.5,16.666666666666668,21.5,16.0,23.5,14.0,22.0,21.0,19.0,22.0,20.5,18.0,18.0,2022-06-04 19:00:00
21.4,15.0,9.0,22.0,22.0,19.5,24.5,20.0,17.333333333333332,21.5,16.0,17.0,23.0,21.5,23.0,21.0,2022-06-04 20:00:00
21.0,16.0,9.0,20.0,22.0,20.5,24.0,21.0,15.666666666666666,22.0,23.0,16.0,23.0,17.0,17.0,21.5,2022-06-04 21:00:00
22.4,19.33333333333333,9.5,17.5,21.666666666666668,19.5,19.5,24.0,15.0,16.0,16.0,14.0,20.0,20.5,24.0,23.5,2022-06-04 22:00:00
20.6,24.33333333333333,11.0,15.0,23.666666666666668,25.5,26.5,23.0,18.33333333333333,14.5,17.0,16.0,25.0,17.5,26.0,20.5,2022-06-04 23:00:00
8.2,3.6666666666666665,7.0,11.0,7.666666666666667,6.0,3.5,7.0,3.6666666666666665,6.0,5.0,5.0,5.0,11.0,15.0,12.5,2022-06-05 00:00:00
8.2,4.333333333333333,10.0,15.5,11.666666666666666,8.0,8.0,7.5,5.666666666666667,8.0,9.0,14.0,7.0,12.5,11.0,14.0,2022-06-05 01:00:00
10.0,10.333333333333334,9.0,15.0,15.0,6.5,10.5,8.5,6.666666666666667,9.5,9.0,19.0,12.0,13.5,15.0,14.0,2022-06-05 02:00:00
9.0,7.333333333333333,7.0,13.0,11.666666666666666,4.5,6.0,5.5,6.666666666666667,7.0,7.0,9.0,13.0,9.0,10.0,14.0,2022-06-05 03:00:00
5.6,3.6666666666666665,3.5,3.5,3.0,4.5,2.5,4.0,5.666666666666667,5.0,5.0,5.0,7.0,7.0,6.0,9.5,2022-06-05 04:00:00
5.6,2.6666666666666665,2.0,3.0,3.333333333333333,4.0,4.0,3.5,4.333333333333333,4.5,2.0,3.0,2.0,3.0,2.0,7.0,2022-06-05 05:00:00
6.6,3.6666666666666665,3.5,4.5,5.666666666666667,4.5,4.5,5.0,6.0,3.0,2.0,2.0,3.0,2.0,2.0,6.5,2022-06-05 06:00:00
7.4,5.666666666666667,4.5,5.5,6.666666666666667,11.5,4.0,6.5,8.333333333333334,8.0,2.0,6.0,10.0,6.5,10.0,7.0,2022-06-05 07:00:00
8.0,11.0,8.0,10.0,16.333333333333332,12.0,6.5,8.5,10.333333333333334,9.5,7.0,11.0,7.0,8.5,13.0,11.0,2022-06-05 08:00:00
12.6,12.666666666666666,4.0,8.5,13.0,11.5,6.5,13.0,14.0,10.5,8.0,7.0,12.0,8.5,9.0,12.5,2022-06-05 09:00:00
15.8,17.666666666666668,3.5,10.0,15.0,19.5,12.0,17.5,21.33333333333333,15.5,15.0,12.0,13.0,7.5,12.0,13.0,2022-06-05 10:00:00
12.2,16.333333333333332,7.0,13.0,17.333333333333332,21.0,22.5,10.0,19.33333333333333,17.5,20.0,19.0,17.0,9.5,17.0,19.0,2022-06-05 11:00:00
10.8,14.0,8.5,12.0,17.0,13.5,17.0,11.5,16.333333333333332,15.5,12.0,21.0,19.0,15.0,20.0,13.0,2022-06-05 12:00:00
11.0,9.0,8.0,12.0,14.0,13.0,18.0,12.5,15.666666666666666,15.5,15.0,15.0,12.0,13.5,13.0,15.5,2022-06-05 13:00:00
14.6,11.333333333333334,6.5,18.0,17.333333333333332,11.5,10.5,6.0,13.0,19.5,9.0,17.0,11.0,11.0,14.0,14.5,2022-06-05 14:00:00
18.8,13.666666666666666,5.5,19.5,28.0,27.5,34.5,5.5,11.0,18.0,20.0,27.0,21.0,15.5,23.0,20.0,2022-06-05 15:00:00
20.4,7.0,4.0,9.0,24.0,8.5,16.0,6.0,12.666666666666666,20.0,20.0,8.0,7.0,18.0,20.0,9.0,2022-06-05 16:00:00
10.6,4.333333333333333,4.5,8.0,9.0,7.0,7.0,4.5,6.666666666666667,8.5,7.0,4.0,6.0,5.5,6.0,9.0,2022-06-05 17:00:00
9.8,4.666666666666667,5.0,7.5,8.666666666666666,8.0,6.0,4.5,7.666666666666667,8.0,6.0,17.0,8.0,5.0,3.0,11.5,2022-06-05 18:00:00
7.4,5.333333333333333,4.5,7.5,6.333333333333333,10.5,11.0,7.0,8.333333333333334,4.5,5.0,5.0,11.0,6.5,10.0,11.0,2022-06-05 19:00:00
10.0,10.333333333333334,7.0,12.0,12.333333333333334,13.5,6.0,14.0,8.0,5.5,9.0,6.0,15.0,8.0,13.0,13.0,2022-06-05 20:00:00
11.2,11.666666666666666,3.5,9.5,17.0,17.5,14.0,9.5,11.0,11.5,13.0,13.0,14.0,9.0,18.0,13.0,2022-06-05 21:00:00
12.2,12.0,4.5,13.0,18.0,17.0,9.5,11.5,10.666666666666666,11.5,12.0,16.0,19.0,12.0,16.0,15.5,2022-06-05 22:00:00
11.2,9.333333333333334,5.5,10.5,8.666666666666666,8.0,7.0,6.5,7.333333333333333,13.5,12.0,16.0,10.0,8.0,6.0,12.0,2022-06-05 23:00:00
8.2,3.6666666666666665,7.0,11.0,7.666666666666667,6.0,3.5,7.0,3.6666666666666665,6.0,5.0,5.0,5.0,11.0,15.0,12.5,2022-06-06 00:01:00
8.2,4.333333333333333,10.0,15.5,11.666666666666666,8.0,8.0,7.5,5.666666666666667,8.0,9.0,14.0,7.0,12.5,11.0,14.0,2022-06-06 00:02:00
10.0,10.333333333333334,9.0,15.0,15.0,6.5,10.5,8.5,6.666666666666667,9.5,9.0,19.0,12.0,13.5,15.0,14.0,2022-06-06 00:03:00
9.0,7.333333333333333,7.0,13.0,11.666666666666666,4.5,6.0,5.5,6.666666666666667,7.0,7.0,9.0,13.0,9.0,10.0,14.0,2022-06-06 00:04:00
5.6,3.6666666666666665,3.5,3.5,3.0,4.5,2.5,4.0,5.666666666666667,5.0,5.0,5.0,7.0,7.0,6.0,9.5,2022-06-06 00:05:00
5.6,2.6666666666666665,2.0,3.0,3.333333333333333,4.0,4.0,3.5,4.333333333333333,4.5,2.0,3.0,2.0,3.0,2.0,7.0,2022-06-06 00:06:00
6.6,3.6666666666666665,3.5,4.5,5.666666666666667,4.5,4.5,5.0,6.0,3.0,2.0,2.0,3.0,2.0,2.0,6.5,2022-06-06 00:07:00
7.4,5.666666666666667,4.5,5.5,6.666666666666667,11.5,4.0,6.5,8.333333333333334,8.0,2.0,6.0,10.0,6.5,10.0,7.0,2022-06-06 00:08:00
8.0,11.0,8.0,10.0,16.333333333333332,12.0,6.5,8.5,10.333333333333334,9.5,7.0,11.0,7.0,8.5,13.0,11.0,2022-06-06 00:09:00
12.6,12.666666666666666,4.0,8.5,13.0,11.5,6.5,13.0,14.0,10.5,8.0,7.0,12.0,8.5,9.0,12.5,2022-06-06 00:10:00
15.8,17.666666666666668,3.5,10.0,15.0,19.5,12.0,17.5,21.33333333333333,15.5,15.0,12.0,13.0,7.5,12.0,13.0,2022-06-06 00:11:00
12.2,16.333333333333332,7.0,13.0,17.333333333333332,21.0,22.5,10.0,19.33333333333333,17.5,20.0,19.0,17.0,9.5,17.0,19.0,2022-06-06 00:12:00
10.8,14.0,8.5,12.0,17.0,13.5,17.0,11.5,16.333333333333332,15.5,12.0,21.0,19.0,15.0,20.0,13.0,2022-06-06 00:13:00
11.0,9.0,8.0,12.0,14.0,13.0,18.0,12.5,15.666666666666666,15.5,15.0,15.0,12.0,13.5,13.0,15.5,2022-06-06 00:14:00
14.6,11.333333333333334,6.5,18.0,17.333333333333332,11.5,10.5,6.0,13.0,19.5,9.0,17.0,11.0,11.0,14.0,14.5,2022-06-06 00:15:00
18.8,13.666666666666666,5.5,19.5,28.0,27.5,34.5,5.5,11.0,18.0,20.0,27.0,21.0,15.5,23.0,20.0,2022-06-06 00:16:00
20.4,7.0,4.0,9.0,24.0,8.5,16.0,6.0,12.666666666666666,20.0,20.0,8.0,7.0,18.0,20.0,9.0,2022-06-06 00:17:00
10.6,4.333333333333333,4.5,8.0,9.0,7.0,7.0,4.5,6.666666666666667,8.5,7.0,4.0,6.0,5.5,6.0,9.0,2022-06-06 00:18:00
9.8,4.666666666666667,5.0,7.5,8.666666666666666,8.0,6.0,4.5,7.666666666666667,8.0,6.0,17.0,8.0,5.0,3.0,11.5,2022-06-06 00:19:00
7.4,5.333333333333333,4.5,7.5,6.333333333333333,10.5,11.0,7.0,8.333333333333334,4.5,5.0,5.0,11.0,6.5,10.0,11.0,2022-06-06 00:20:00
10.0,10.333333333333334,7.0,12.0,12.333333333333334,13.5,6.0,14.0,8.0,5.5,9.0,6.0,15.0,8.0,13.0,13.0,2022-06-06 00:21:00
11.2,11.666666666666666,3.5,9.5,17.0,17.5,14.0,9.5,11.0,11.5,13.0,13.0,14.0,9.0,18.0,13.0,2022-06-06 00:22:00
12.2,12.0,4.5,13.0,18.0,17.0,9.5,11.5,10.666666666666666,11.5,12.0,16.0,19.0,12.0,16.0,15.5,2022-06-06 00:23:00
11.2,9.333333333333334,5.5,10.5,8.666666666666666,8.0,7.0,6.5,7.333333333333333,13.5,12.0,16.0,10.0,8.0,6.0,12.0,2022-06-06 00:24:00
11.0,6.666666666666667,4.0,8.5,6.333333333333333,8.5,5.0,5.0,6.0,9.0,12.0,7.0,10.0,6.5,6.0,11.0,2022-06-07 00:00:00
8.8,8.666666666666666,2.5,7.5,11.333333333333334,10.5,6.0,7.0,6.0,15.0,12.0,8.0,12.0,6.0,5.0,10.5,2022-06-07 01:00:00
12.6,7.333333333333333,4.5,6.0,10.0,12.5,8.5,10.5,6.666666666666667,8.5,12.0,13.0,12.0,8.0,4.0,11.5,2022-06-07 02:00:00
12.8,6.333333333333333,3.5,9.5,9.666666666666666,8.0,8.5,6.0,7.0,9.5,13.0,12.0,6.0,5.5,9.0,11.0,2022-06-07 03:00:00
8.8,4.333333333333333,2.0,8.0,4.666666666666667,5.5,6.5,7.0,6.0,10.5,9.0,8.0,7.0,6.5,6.0,9.5,2022-06-07 04:00:00
14.0,4.333333333333333,3.0,5.0,7.0,4.5,5.5,7.5,6.333333333333333,8.0,6.0,7.0,6.0,5.5,3.0,9.5,2022-06-07 05:00:00
15.2,7.666666666666667,4.0,5.0,7.0,10.0,5.0,8.0,10.0,11.0,7.0,8.0,6.0,6.0,6.0,10.5,2022-06-07 06:00:00
13.0,9.666666666666666,5.0,7.0,9.666666666666666,16.5,4.0,6.5,8.0,9.5,6.0,9.0,7.0,7.0,9.0,11.0,2022-06-07 07:00:00
14.0,11.333333333333334,3.5,8.5,12.666666666666666,14.5,11.5,5.5,10.333333333333334,10.0,12.0,10.0,18.0,7.5,6.0,15.5,2022-06-07 08:00:00
15.4,12.0,11.0,8.0,15.0,12.5,11.0,11.5,12.666666666666666,9.5,13.0,8.0,12.0,8.0,12.0,18.0,2022-06-07 09:00:00
14.6,13.333333333333334,7.5,16.5,17.333333333333332,12.5,15.5,10.5,14.666666666666666,10.5,9.0,16.0,11.0,14.5,14.0,18.0,2022-06-07 10:00:00
15.8,11.333333333333334,7.0,18.0,19.0,16.5,20.0,10.0,13.666666666666666,13.0,18.0,19.0,11.0,16.5,20.0,19.5,2022-06-07 11:00:00
22.6,14.0,5.5,19.0,32.333333333333336,20.0,15.5,12.0,14.333333333333334,22.5,20.0,19.0,22.0,16.5,25.0,23.0,2022-06-07 12:00:00
22.4,16.666666666666668,9.0,14.0,25.666666666666668,19.5,19.0,15.0,16.666666666666668,20.0,23.0,19.0,22.0,13.0,19.0,17.0,2022-06-07 13:00:00
20.8,26.666666666666668,6.0,9.5,23.0,17.5,17.5,20.5,18.33333333333333,16.0,14.0,11.0,17.0,13.0,16.0,14.5,2022-06-07 14:00:00
21.2,15.666666666666666,8.0,13.5,18.0,15.0,9.5,17.5,20.33333333333333,16.0,13.0,10.0,14.0,9.5,11.0,9.0,2022-06-07 15:00:00
17.4,16.333333333333332,9.5,15.0,17.333333333333332,21.0,15.0,18.0,20.0,18.0,16.0,14.0,19.0,7.0,19.0,8.0,2022-06-07 16:00:00
19.4,16.0,5.5,15.5,18.0,17.0,15.5,18.5,24.0,19.0,17.0,13.0,16.0,12.5,15.0,16.5,2022-06-07 17:00:00
18.0,15.333333333333334,6.5,14.5,18.666666666666668,21.5,17.0,20.5,20.666666666666668,13.5,17.0,11.0,13.0,9.0,10.0,12.5,2022-06-07 18:00:00
19.6,16.666666666666668,7.0,15.5,14.666666666666666,21.5,11.5,17.0,19.33333333333333,14.5,14.0,14.0,21.0,10.5,18.0,15.0,2022-06-07 19:00:00
17.6,16.333333333333332,7.0,12.0,20.33333333333333,18.5,12.0,19.0,17.333333333333332,14.5,14.0,17.0,25.0,13.5,16.0,18.5,2022-06-07 20:00:00
16.4,14.333333333333334,7.0,12.5,17.333333333333332,19.0,15.0,19.0,18.666666666666668,12.0,15.0,14.0,22.0,8.5,11.0,15.5,2022-06-07 21:00:00
17.8,11.333333333333334,6.5,27.0,20.33333333333333,16.0,12.0,15.5,14.0,15.0,18.0,15.0,20.0,12.0,16.0,13.5,2022-06-07 22:00:00
17.6,12.0,9.5,11.0,13.666666666666666,14.0,9.0,12.0,11.333333333333334,12.0,19.0,11.0,13.0,9.0,7.0,11.5,2022-06-07 23:00:00
13.0,8.0,6.0,13.5,13.333333333333334,12.0,9.0,9.5,12.666666666666666,12.0,14.0,13.0,12.0,10.5,8.0,15.5,2022-06-08 00:00:00
10.6,7.333333333333333,4.0,7.5,9.666666666666666,11.5,12.0,7.0,9.333333333333334,11.5,8.0,12.0,8.0,11.5,11.0,9.0,2022-06-08 01:00:00
8.4,7.0,5.5,8.0,8.0,8.0,5.0,7.0,6.0,7.0,11.0,11.0,7.0,6.0,8.0,12.5,2022-06-08 02:00:00
8.4,6.666666666666667,7.0,12.5,10.0,8.0,5.5,7.0,6.666666666666667,11.0,12.0,13.0,6.0,9.0,9.0,14.5,2022-06-08 03:00:00
11.0,7.333333333333333,7.0,9.0,11.0,13.5,6.0,6.5,8.666666666666666,12.5,10.0,11.0,4.0,11.0,8.0,14.5,2022-06-08 04:00:00
12.8,8.666666666666666,5.5,16.0,12.333333333333334,9.5,5.5,9.5,9.0,15.5,20.0,11.0,12.0,18.5,17.0,17.0,2022-06-08 05:00:00
14.4,10.333333333333334,5.5,16.5,14.0,16.5,7.0,10.0,10.333333333333334,18.0,19.0,15.0,17.0,15.0,11.0,14.5,2022-06-08 06:00:00
16.0,11.666666666666666,10.0,15.0,14.333333333333334,21.0,9.0,13.5,14.0,18.0,16.0,13.0,10.0,15.5,17.0,17.5,2022-06-08 07:00:00
16.8,13.0,18.5,19.5,19.0,24.0,17.5,16.0,20.0,16.0,17.0,14.0,12.0,14.0,14.0,22.0,2022-06-08 08:00:00
20.0,15.0,13.5,18.5,25.33333333333333,17.0,19.0,16.5,23.0,18.0,20.0,18.0,19.0,18.0,20.0,26.0,2022-06-08 09:00:00
21.2,20.33333333333333,20.5,18.5,23.33333333333333,22.0,25.5,20.0,22.666666666666668,24.0,18.0,22.0,20.0,13.5,22.0,20.5,2022-06-08 10:00:00
23.0,17.0,21.5,20.5,24.33333333333333,22.0,18.5,24.0,21.0,24.0,22.0,17.0,20.0,18.0,23.0,21.0,2022-06-08 11:00:00
24.6,24.666666666666668,23.5,18.5,27.33333333333333,23.5,24.5,23.5,23.666666666666668,33.0,22.0,18.0,24.0,17.5,25.0,19.5,2022-06-08 12:00:00
29.0,28.33333333333333,22.5,18.0,26.0,26.0,23.0,24.5,24.666666666666668,37.0,32.0,21.0,27.0,16.0,25.0,19.5,2022-06-08 13:00:00
28.2,22.33333333333333,18.0,15.5,29.33333333333333,20.5,22.0,26.0,25.0,36.5,19.0,21.0,27.0,15.5,22.0,17.5,2022-06-08 14:00:00
25.0,20.0,18.5,14.5,24.666666666666668,17.5,18.0,19.0,24.0,13.0,19.0,13.0,23.0,13.5,17.0,19.0,2022-06-08 15:00:00
25.0,22.0,21.0,17.0,28.0,23.5,17.0,24.0,18.666666666666668,16.0,24.0,20.0,27.0,20.0,19.0,23.5,2022-06-08 16:00:00
28.2,25.33333333333333,19.0,18.5,26.666666666666668,23.5,20.0,24.5,19.33333333333333,34.5,26.0,20.0,24.0,16.0,25.0,22.0,2022-06-08 17:00:00
26.0,20.0,20.0,10.0,21.33333333333333,20.0,19.5,24.5,23.33333333333333,23.5,24.0,23.0,24.0,12.5,20.0,16.0,2022-06-08 18:00:00
27.2,17.333333333333332,17.0,15.5,23.33333333333333,20.0,19.0,26.0,18.33333333333333,23.5,24.0,14.0,23.0,12.0,20.0,16.0,2022-06-08 19:00:00
24.2,14.666666666666666,17.0,16.0,18.666666666666668,14.0,14.5,22.0,21.666666666666668,18.5,16.0,14.0,14.0,14.0,14.0,14.5,2022-06-08 20:00:00
20.4,13.0,17.0,12.5,14.0,14.5,9.5,20.0,14.666666666666666,16.0,13.0,13.0,23.0,12.5,16.0,17.0,2022-06-08 21:00:00
20.8,13.0,19.0,16.0,20.0,16.5,10.0,16.5,15.333333333333334,20.0,17.0,16.0,15.0,12.5,14.0,14.5,2022-06-08 22:00:00
23.2,12.0,14.5,17.0,15.666666666666666,15.0,9.0,19.5,19.33333333333333,14.0,15.0,16.0,16.0,12.0,15.0,17.5,2022-06-08 23:00:00
23.2,16.333333333333332,15.5,11.5,16.666666666666668,17.0,14.0,25.0,17.666666666666668,17.0,21.0,18.0,17.0,14.0,18.0,17.0,2022-06-09 00:00:00
25.8,19.666666666666668,20.5,17.0,21.0,22.5,16.5,32.0,22.666666666666668,20.0,18.0,21.0,21.0,12.5,15.0,18.0,2022-06-09 01:00:00
26.4,18.33333333333333,17.5,20.0,29.0,20.0,21.5,24.0,25.0,23.5,24.0,24.0,22.0,14.5,22.0,19.0,2022-06-09 02:00:00
29.4,17.666666666666668,15.0,23.0,23.33333333333333,17.0,14.0,19.5,22.0,23.0,22.0,20.0,23.0,20.5,23.0,18.0,2022-06-09 03:00:00
27.4,12.333333333333334,19.0,18.5,22.666666666666668,17.0,18.5,20.5,21.666666666666668,25.0,27.0,21.0,21.0,16.5,19.0,17.0,2022-06-09 04:00:00
27.2,13.333333333333334,20.5,18.0,20.666666666666668,17.5,12.5,19.0,23.33333333333333,24.5,21.0,20.0,18.0,18.5,15.0,19.5,2022-06-09 05:00:00
28.8,17.333333333333332,18.5,21.0,21.0,18.0,19.0,18.5,21.33333333333333,25.0,22.0,14.0,15.0,18.0,22.0,17.0,2022-06-09 06:00:00
30.6,17.333333333333332,22.0,21.0,23.33333333333333,22.0,21.0,22.5,24.0,27.0,27.0,19.0,22.0,17.0,21.0,19.5,2022-06-09 07:00:00
25.8,18.666666666666668,19.0,16.0,25.666666666666668,23.0,23.0,22.5,25.0,32.5,22.0,22.0,22.0,16.5,20.0,20.0,2022-06-09 08:00:00
30.4,15.666666666666666,16.5,10.0,20.666666666666668,25.5,21.0,23.5,25.666666666666668,29.5,27.0,18.0,22.0,9.0,18.0,20.5,2022-06-09 09:00:00
20.0,22.33333333333333,18.0,10.5,25.666666666666668,11.0,27.0,24.0,26.0,28.0,24.0,21.0,28.0,15.0,18.0,19.5,2022-06-09 10:00:00
17.2,14.666666666666666,20.0,15.0,25.33333333333333,9.0,19.0,22.0,28.33333333333333,26.5,20.0,28.0,20.0,17.0,17.0,21.5,2022-06-09 11:00:00
27.2,19.33333333333333,15.0,15.5,24.0,21.5,19.5,23.0,25.666666666666668,26.5,23.0,25.0,16.0,14.5,13.0,21.0,2022-06-09 12:00:00
23.6,16.333333333333332,15.0,10.0,16.666666666666668,21.5,10.5,16.5,24.0,20.0,20.0,24.0,24.0,10.5,11.0,13.5,2022-06-09 13:00:00
19.0,12.0,18.0,7.5,17.333333333333332,18.5,14.5,16.5,21.0,24.5,19.0,18.0,16.0,10.5,10.0,13.5,2022-06-09 14:00:00
16.0,16.0,17.5,11.0,22.33333333333333,17.5,10.0,15.0,20.33333333333333,24.5,13.0,13.0,15.0,8.0,14.0,17.0,2022-06-09 15:00:00
16.8,9.666666666666666,16.5,9.5,17.0,17.5,11.5,15.0,20.0,19.5,15.0,22.0,18.0,9.5,14.0,16.5,2022-06-09 16:00:00
14.0,13.666666666666666,13.5,10.5,23.33333333333333,17.0,8.5,16.0,19.0,20.5,15.0,13.0,13.0,8.5,10.0,14.5,2022-06-09 17:00:00
13.6,14.333333333333334,10.5,9.0,15.0,16.5,14.5,17.5,16.0,16.5,13.0,12.0,15.0,9.5,6.0,14.0,2022-06-09 18:00:00
14.8,12.666666666666666,9.0,10.0,13.666666666666666,14.0,13.5,19.5,14.333333333333334,12.0,22.0,14.0,15.0,7.0,17.0,10.5,2022-06-09 19:00:00
14.8,14.666666666666666,8.0,8.0,15.0,13.0,10.5,14.5,16.0,20.0,10.0,12.0,12.0,9.0,11.0,12.5,2022-06-09 20:00:00
14.4,11.333333333333334,11.0,7.5,15.333333333333334,11.0,9.0,19.0,16.333333333333332,12.0,14.0,13.0,13.0,8.0,12.0,14.5,2022-06-09 21:00:00
15.8,11.0,11.0,10.5,11.333333333333334,11.0,8.5,14.5,15.666666666666666,11.0,14.0,9.0,11.0,4.5,11.0,14.5,2022-06-09 22:00:00
16.6,9.0,12.5,9.5,10.333333333333334,11.5,9.5,13.0,14.333333333333334,9.5,13.0,10.0,14.0,7.0,8.0,12.5,2022-06-09 23:00:00
23.2,10.0,11.0,7.5,10.333333333333334,14.5,7.0,11.5,16.0,11.0,13.0,9.0,15.0,6.0,10.0,11.5,2022-06-10 00:00:00
20.6,13.0,13.5,6.0,9.666666666666666,13.5,11.5,11.0,13.333333333333334,10.5,6.0,11.0,15.0,4.0,7.0,12.5,2022-06-10 01:00:00
20.4,12.666666666666666,14.5,7.0,8.333333333333334,17.0,8.5,11.0,13.666666666666666,11.5,5.0,15.0,11.0,11.0,7.0,10.5,2022-06-10 02:00:00
23.8,16.0,12.5,9.0,16.0,14.5,8.5,14.5,16.0,9.5,7.0,15.0,16.0,8.0,10.0,13.0,2022-06-10 03:00:00
31.8,14.0,10.0,9.5,11.666666666666666,16.0,13.5,17.5,15.333333333333334,11.0,7.0,12.0,11.0,10.5,9.0,10.5,2022-06-10 04:00:00
32.2,13.0,11.0,9.0,12.0,16.0,8.0,14.0,16.333333333333332,20.5,6.0,11.0,17.0,10.5,7.0,12.5,2022-06-10 05:00:00
28.0,13.333333333333334,7.5,8.5,12.333333333333334,17.5,7.5,13.0,16.666666666666668,17.5,9.0,19.0,16.0,11.0,7.0,13.0,2022-06-10 06:00:00
26.6,12.666666666666666,14.0,14.0,12.666666666666666,22.5,12.5,15.0,18.666666666666668,21.5,8.0,16.0,15.0,9.0,37.0,12.5,2022-06-10 07:00:00
29.8,19.666666666666668,15.0,12.0,14.333333333333334,23.0,13.0,20.5,22.33333333333333,28.0,12.0,15.0,15.0,9.0,21.0,17.0,2022-06-10 08:00:00
23.2,9.666666666666666,29.0,8.5,17.333333333333332,20.0,14.0,20.5,23.33333333333333,25.0,12.0,21.0,13.0,5.5,13.0,17.0,2022-06-10 09:00:00
21.4,14.666666666666666,23.0,17.5,23.0,18.0,12.0,22.5,21.666666666666668,19.0,17.0,15.0,19.0,14.5,15.0,19.0,2022-06-10 10:00:00
18.0,18.666666666666668,17.5,13.5,24.666666666666668,18.5,14.0,17.0,20.0,26.5,25.0,23.0,22.0,16.0,24.0,19.5,2022-06-10 11:00:00
20.6,13.0,17.5,10.0,19.666666666666668,21.0,17.0,21.0,16.666666666666668,24.0,17.0,28.0,22.0,12.0,14.0,17.0,2022-06-10 12:00:00
17.8,12.0,14.0,3.5,19.666666666666668,19.5,24.0,20.5,25.0,21.5,20.0,21.0,15.0,11.0,14.0,10.0,2022-06-10 13:00:00
16.6,15.333333333333334,12.5,9.5,17.666666666666668,16.5,11.5,21.5,20.666666666666668,24.5,12.0,21.0,17.0,8.0,13.0,15.0,2022-06-10 14:00:00
18.8,14.0,12.5,8.5,18.33333333333333,17.5,9.5,22.5,26.0,24.5,14.0,20.0,12.0,9.5,15.0,18.5,2022-06-10 15:00:00
14.8,16.0,16.0,10.0,18.666666666666668,20.5,10.5,21.5,34.0,25.0,17.0,25.0,17.0,7.5,17.0,14.5,2022-06-10 16:00:00
13.6,15.333333333333334,13.0,12.0,20.33333333333333,16.0,15.5,23.0,26.0,21.0,22.0,9.0,19.0,11.0,20.0,14.5,2022-06-10 17:00:00
14.8,15.333333333333334,13.0,13.5,15.666666666666666,17.0,14.5,23.5,23.33333333333333,26.0,20.0,13.0,17.0,8.5,14.0,15.0,2022-06-10 18:00:00
13.8,15.333333333333334,18.0,15.0,20.33333333333333,18.0,18.0,21.0,17.333333333333332,27.5,16.0,17.0,17.0,9.5,16.0,16.0,2022-06-10 19:00:00
13.0,17.0,14.5,14.0,22.33333333333333,24.0,18.5,22.5,20.0,22.0,17.0,14.0,20.0,13.0,18.0,20.0,2022-06-10 20:00:00
16.6,15.666666666666666,21.0,11.0,21.0,18.5,16.5,19.5,18.33333333333333,22.5,19.0,11.0,20.0,10.0,12.0,16.5,2022-06-10 21:00:00
18.4,14.666666666666666,19.0,14.0,20.33333333333333,22.0,18.0,18.0,21.0,20.5,16.0,16.0,17.0,15.0,16.0,17.0,2022-06-10 22:00:00
25.8,14.666666666666666,18.0,14.0,20.33333333333333,20.0,16.5,26.0,16.333333333333332,18.0,22.0,21.0,20.0,11.5,20.0,15.0,2022-06-10 23:00:00
23.2,18.666666666666668,17.0,18.0,22.666666666666668,22.0,21.0,22.5,21.0,22.0,17.0,18.0,16.0,12.0,21.0,13.5,2022-06-11 00:00:00
31.0,16.666666666666668,19.0,16.0,24.0,20.0,17.5,21.0,20.33333333333333,21.5,17.0,20.0,20.0,11.0,16.0,17.0,2022-06-11 01:00:00
24.4,16.0,17.5,16.0,20.666666666666668,18.0,18.5,19.5,21.666666666666668,18.5,13.0,24.0,27.0,11.5,18.0,18.5,2022-06-11 02:00:00
27.4,17.666666666666668,17.0,21.0,23.0,17.0,15.5,20.0,22.0,19.0,22.0,25.0,20.0,15.0,22.0,18.5,2022-06-11 03:00:00
29.2,16.666666666666668,16.5,16.5,19.666666666666668,19.0,17.0,22.0,23.0,19.5,15.0,19.0,16.0,13.0,22.0,18.0,2022-06-11 04:00:00
32.8,16.333333333333332,16.5,15.0,19.666666666666668,17.0,15.0,19.5,27.33333333333333,22.5,16.0,19.0,25.0,18.0,17.0,19.0,2022-06-11 05:00:00
32.6,15.333333333333334,13.0,18.0,19.33333333333333,23.0,13.5,22.0,28.0,27.5,22.0,23.0,20.0,18.0,18.0,23.0,2022-06-11 06:00:00
30.4,23.0,24.0,23.5,23.33333333333333,20.0,18.0,26.0,26.666666666666668,27.5,21.0,20.0,24.0,18.5,23.0,30.5,2022-06-11 07:00:00
37.6,34.0,27.0,30.0,30.0,31.5,24.0,30.5,29.33333333333333,34.5,30.0,33.0,34.0,23.0,27.0,33.5,2022-06-11 08:00:00
42.4,32.333333333333336,30.5,31.0,45.0,37.0,35.0,35.0,37.333333333333336,41.5,34.0,36.0,43.0,29.5,31.0,34.0,2022-06-11 09:00:00
42.4,38.333333333333336,35.5,33.5,43.333333333333336,38.5,39.0,39.5,43.333333333333336,44.0,40.0,34.0,38.0,30.0,44.0,29.5,2022-06-11 10:00:00
46.8,33.666666666666664,28.0,23.5,36.66666666666666,39.5,43.5,36.5,38.66666666666666,39.5,37.0,33.0,39.0,20.5,26.0,31.0,2022-06-11 11:00:00
44.2,31.0,29.5,23.5,34.666666666666664,34.5,33.5,35.0,37.0,47.0,32.0,31.0,30.0,19.5,23.0,25.0,2022-06-11 12:00:00
35.0,25.666666666666668,21.5,18.5,27.0,18.0,18.0,28.5,30.666666666666668,27.5,25.0,19.0,26.0,15.5,33.0,23.0,2022-06-11 13:00:00
27.4,23.0,22.5,16.0,25.33333333333333,19.0,17.0,25.5,24.0,33.0,20.0,25.0,25.0,17.5,27.0,24.5,2022-06-11 14:00:00
28.0,23.33333333333333,24.0,20.0,27.666666666666668,27.0,20.5,27.5,26.666666666666668,40.5,26.0,26.0,28.0,18.0,24.0,23.5,2022-06-11 15:00:00
26.4,19.33333333333333,21.0,26.5,28.33333333333333,22.5,21.0,22.0,23.666666666666668,43.0,22.0,23.0,20.0,19.5,23.0,25.5,2022-06-11 16:00:00
28.0,18.666666666666668,18.0,24.0,31.0,25.0,21.0,21.0,20.0,28.0,26.0,25.0,25.0,20.5,27.0,21.0,2022-06-11 17:00:00
21.8,13.666666666666666,19.0,22.0,23.33333333333333,18.5,17.5,23.0,19.666666666666668,29.0,17.0,23.0,19.0,18.5,21.0,20.5,2022-06-11 18:00:00
22.0,18.33333333333333,16.5,19.0,23.33333333333333,24.0,20.0,20.0,18.666666666666668,25.0,23.0,19.0,17.0,16.5,18.0,21.5,2022-06-11 19:00:00
19.8,11.0,17.0,19.5,15.0,21.5,18.0,17.0,13.0,18.5,20.0,13.0,20.0,18.0,21.0,19.0,2022-06-11 20:00:00
18.2,10.0,16.0,15.0,13.666666666666666,17.0,12.0,15.5,15.333333333333334,14.0,9.0,15.0,22.0,14.5,10.0,19.5,2022-06-11 21:00:00
13.8,10.666666666666666,12.0,14.0,14.0,15.0,7.5,10.5,13.0,14.5,13.0,11.0,22.0,9.0,10.0,17.0,2022-06-11 22:00:00
14.6,11.666666666666666,13.0,9.5,13.333333333333334,13.0,11.0,15.0,9.666666666666666,12.0,13.0,12.0,13.0,9.5,14.0,14.0,2022-06-11 23:00:00
16.6,16.0,9.0,9.0,16.333333333333332,17.5,8.0,12.0,12.666666666666666,14.5,16.0,13.0,16.0,9.0,9.0,13.5,2022-06-12 00:00:00
16.0,11.666666666666666,11.0,14.0,14.666666666666666,15.5,14.0,15.0,13.666666666666666,30.0,13.0,9.0,20.0,10.5,13.0,13.0,2022-06-12 01:00:00
15.6,12.0,11.0,14.5,16.333333333333332,12.5,8.0,13.5,13.333333333333334,14.0,13.0,15.0,12.0,12.0,11.0,14.0,2022-06-12 02:00:00
17.6,15.666666666666666,12.5,11.0,15.666666666666666,14.0,8.5,12.5,15.333333333333334,11.5,13.0,9.0,11.0,12.0,10.0,12.0,2022-06-12 03:00:00
18.6,14.666666666666666,15.0,13.5,16.666666666666668,16.0,13.5,17.5,16.333333333333332,20.0,13.0,10.0,15.0,15.0,16.0,14.0,2022-06-12 04:00:00
19.4,12.666666666666666,14.5,16.5,17.0,14.5,12.0,14.5,17.333333333333332,32.0,19.0,17.0,16.0,14.5,19.0,14.5,2022-06-12 05:00:00
17.8,14.333333333333334,14.5,17.0,19.0,14.0,9.0,15.5,16.333333333333332,18.5,15.0,16.0,19.0,17.5,15.0,16.0,2022-06-12 06:00:00
22.0,17.0,18.0,18.5,23.666666666666668,15.0,15.5,16.0,20.33333333333333,18.5,16.0,18.0,15.0,16.0,17.0,19.0,2022-06-12 07:00:00
19.4,12.0,15.5,15.0,25.666666666666668,17.5,17.5,18.0,17.333333333333332,25.5,24.0,18.0,21.0,16.0,14.0,18.0,2022-06-12 08:00:00
20.6,16.333333333333332,18.5,23.0,24.33333333333333,19.5,16.0,17.0,13.333333333333334,27.0,22.0,26.0,21.0,20.0,18.0,24.5,2022-06-12 09:00:00
19.6,16.333333333333332,19.0,18.5,27.33333333333333,19.0,16.0,17.5,15.333333333333334,39.0,27.0,23.0,22.0,17.0,27.0,25.5,2022-06-12 10:00:00
24.6,23.0,24.5,25.5,31.33333333333333,26.5,25.0,20.5,19.0,36.5,26.0,39.0,26.0,19.5,24.0,23.5,2022-06-12 11:00:00
27.6,22.0,24.0,18.5,29.0,23.5,25.5,25.5,24.0,51.0,24.0,23.0,24.0,15.0,25.0,22.5,2022-06-12 12:00:00
29.0,17.666666666666668,17.5,20.5,25.33333333333333,20.0,23.0,29.5,25.666666666666668,38.5,23.0,23.0,28.0,20.5,24.0,23.5,2022-06-12 13:00:00
27.2,16.666666666666668,18.0,18.0,25.666666666666668,20.5,16.0,21.0,21.0,32.5,27.0,18.0,22.0,18.5,23.0,17.0,2022-06-12 14:00:00
26.2,20.0,17.0,18.0,26.33333333333333,23.5,15.0,22.5,20.33333333333333,27.5,25.0,23.0,20.0,16.0,25.0,17.0,2022-06-12 15:00:00
26.4,16.666666666666668,16.0,15.5,23.33333333333333,20.0,16.5,21.5,18.0,23.5,18.0,28.0,21.0,15.5,22.0,17.5,2022-06-12 16:00:00
25.0,16.333333333333332,19.5,16.5,20.0,21.5,12.0,23.5,23.0,37.5,19.0,18.0,16.0,14.5,23.0,19.0,2022-06-12 17:00:00
20.8,15.666666666666666,20.5,13.0,19.666666666666668,19.5,16.0,21.5,18.666666666666668,19.0,23.0,16.0,18.0,14.5,20.0,20.0,2022-06-12 18:00:00
21.6,13.0,16.5,14.0,18.33333333333333,21.0,15.5,24.5,18.0,21.0,13.0,14.0,16.0,12.0,16.0,18.0,2022-06-12 19:00:00
22.0,11.333333333333334,15.0,12.0,15.666666666666666,17.0,16.0,19.5,15.666666666666666,18.5,14.0,11.0,14.0,11.5,12.0,16.0,2022-06-12 20:00:00
17.8,12.333333333333334,13.5,13.5,15.666666666666666,13.5,10.5,23.5,12.0,17.0,15.0,11.0,12.0,10.0,11.0,14.0,2022-06-12 21:00:00
15.8,11.666666666666666,15.0,12.0,11.333333333333334,14.0,11.5,21.0,13.333333333333334,15.5,20.0,13.0,17.0,14.0,13.0,15.0,2022-06-12 22:00:00
16.4,13.0,12.5,15.5,15.333333333333334,16.5,7.5,17.5,12.666666666666666,14.0,15.0,17.0,12.0,13.5,12.0,16.5,2022-06-12 23:00:00
15.8,13.666666666666666,13.5,17.0,17.333333333333332,18.0,8.5,17.5,14.666666666666666,16.0,13.0,14.0,17.0,13.0,11.0,17.0,2022-06-13 00:00:00
21.8,14.666666666666666,15.0,16.0,17.666666666666668,16.5,11.5,19.0,18.33333333333333,14.5,17.0,13.0,17.0,15.5,20.0,16.0,2022-06-13 01:00:00
21.2,16.666666666666668,14.0,19.5,20.33333333333333,15.0,14.0,17.0,17.0,18.0,16.0,21.0,17.0,15.0,19.0,20.0,2022-06-13 02:00:00
18.6,11.0,13.0,15.0,19.0,14.5,14.5,17.5,12.666666666666666,17.5,17.0,18.0,20.0,15.0,27.0,19.0,2022-06-13 03:00:00
19.8,10.666666666666666,14.0,16.0,21.33333333333333,12.5,11.5,15.0,14.0,23.5,20.0,15.0,16.0,11.0,24.0,17.0,2022-06-13 04:00:00
16.6,11.333333333333334,17.5,18.0,17.0,12.0,7.5,16.5,19.0,18.5,17.0,17.0,18.0,15.5,20.0,14.5,2022-06-13 05:00:00
19.8,15.0,16.5,13.0,18.666666666666668,15.5,10.0,17.5,18.0,15.0,24.0,19.0,16.0,10.5,16.0,18.0,2022-06-13 06:00:00
21.2,16.333333333333332,18.5,13.0,17.666666666666668,18.0,18.0,23.0,19.666666666666668,19.0,22.0,15.0,17.0,16.5,19.0,18.5,2022-06-13 07:00:00
23.0,16.333333333333332,21.5,17.0,17.333333333333332,20.0,12.0,20.5,18.666666666666668,22.5,17.0,15.0,15.0,14.0,17.0,18.0,2022-06-13 08:00:00
23.6,16.666666666666668,17.0,15.5,19.33333333333333,19.5,13.0,20.0,21.33333333333333,21.0,18.0,13.0,21.0,14.0,19.0,15.5,2022-06-13 09:00:00
25.4,19.0,20.0,19.5,20.33333333333333,22.0,13.5,20.5,19.33333333333333,24.5,15.0,21.0,20.0,12.5,22.0,17.0,2022-06-13 10:00:00
26.8,19.33333333333333,18.5,17.5,19.666666666666668,20.5,18.0,21.5,24.33333333333333,25.5,23.0,10.0,23.0,14.0,24.0,19.0,2022-06-13 11:00:00
24.4,18.666666666666668,17.5,13.5,22.33333333333333,22.5,18.5,20.0,21.666666666666668,28.0,15.0,19.0,24.0,14.5,19.0,16.5,2022-06-13 12:00:00
23.2,20.0,16.0,17.0,26.33333333333333,22.0,28.0,22.5,26.0,23.0,26.0,20.0,24.0,15.0,21.0,23.0,2022-06-13 13:00:00
25.2,19.33333333333333,21.5,18.5,27.33333333333333,23.5,23.5,19.0,25.33333333333333,31.0,23.0,20.0,24.0,17.0,24.0,20.5,2022-06-13 14:00:00
24.8,17.333333333333332,19.0,17.5,26.0,21.0,20.0,21.0,22.33333333333333,32.0,26.0,23.0,27.0,15.5,28.0,24.5,2022-06-13 15:00:00
26.8,18.33333333333333,16.5,18.0,25.0,24.5,23.0,17.5,25.0,25.5,22.0,23.0,29.0,19.0,24.0,25.0,2022-06-13 16:00:00
26.0,20.666666666666668,21.0,21.0,28.0,23.5,24.5,25.0,24.666666666666668,33.5,23.0,22.0,25.0,18.0,28.0,20.0,2022-06-13 17:00:00
25.8,25.666666666666668,27.0,20.5,28.33333333333333,26.0,28.5,25.5,25.0,26.0,25.0,21.0,35.0,21.0,21.0,25.5,2022-06-13 18:00:00
29.0,23.666666666666668,29.0,23.5,30.0,25.0,25.5,30.5,26.33333333333333,27.5,25.0,26.0,30.0,23.0,23.0,29.0,2022-06-13 19:00:00
29.6,22.0,26.5,25.0,28.666666666666668,24.0,20.0,37.5,27.0,25.5,25.0,27.0,31.0,20.5,27.0,27.5,2022-06-13 20:00:00
27.6,23.33333333333333,23.5,21.5,30.0,25.0,24.5,26.0,24.33333333333333,27.5,27.0,24.0,26.0,23.5,21.0,25.0,2022-06-13 21:00:00
28.0,23.0,25.0,24.0,30.33333333333333,28.0,25.0,24.5,24.666666666666668,23.5,24.0,28.0,30.0,23.0,24.0,26.0,2022-06-13 22:00:00
25.4,22.33333333333333,21.0,27.5,29.0,25.5,20.5,23.0,23.666666666666668,24.5,27.0,26.0,29.0,20.0,21.0,25.0,2022-06-13 23:00:00
22.4,18.33333333333333,21.0,20.0,27.0,19.0,15.5,20.0,19.33333333333333,22.0,26.0,20.0,27.0,18.0,19.0,22.5,2022-06-14 00:00:00
17.0,14.0,15.5,20.5,26.666666666666668,17.0,21.0,13.0,12.0,19.5,23.0,19.0,16.0,20.0,13.0,19.0,2022-06-14 01:00:00
12.8,12.666666666666666,9.5,9.5,15.333333333333334,14.5,11.0,9.5,12.666666666666666,13.5,14.0,9.0,13.0,12.0,11.0,12.5,2022-06-14 02:00:00
12.8,10.666666666666666,12.0,13.5,15.333333333333334,11.5,8.0,8.0,9.0,11.5,10.0,15.0,13.0,9.5,11.0,13.0,2022-06-14 03:00:00
10.8,7.0,16.0,10.5,10.333333333333334,11.0,4.5,7.0,8.333333333333334,10.5,8.0,10.0,12.0,9.0,8.0,13.0,2022-06-14 04:00:00
10.8,6.666666666666667,13.5,9.5,6.666666666666667,11.0,6.0,9.5,7.333333333333333,7.5,5.0,10.0,11.0,12.0,13.0,12.0,2022-06-14 05:00:00
13.0,10.0,15.5,8.5,8.0,13.0,6.5,9.5,11.0,8.0,9.0,10.0,11.0,10.0,12.0,11.5,2022-06-14 06:00:00
15.6,8.0,12.0,8.0,7.666666666666667,14.0,6.5,9.5,9.666666666666666,6.0,7.0,8.0,11.0,11.0,7.0,9.5,2022-06-14 07:00:00
13.2,6.0,10.5,8.5,8.333333333333334,9.0,5.0,7.0,7.666666666666667,6.5,5.0,6.0,9.0,9.5,5.0,10.5,2022-06-14 08:00:00
10.0,6.666666666666667,13.0,9.5,9.333333333333334,8.0,4.0,9.0,9.666666666666666,10.0,10.0,6.0,11.0,12.5,8.0,11.0,2022-06-14 09:00:00
12.4,9.333333333333334,14.5,10.0,9.333333333333334,9.5,12.5,10.5,11.0,11.5,15.0,11.0,13.0,8.0,8.0,11.0,2022-06-14 10:00:00
11.2,8.333333333333334,10.0,11.0,9.333333333333334,11.5,6.5,7.5,12.333333333333334,11.0,13.0,10.0,11.0,11.5,9.0,12.5,2022-06-14 11:00:00
11.8,7.0,15.5,9.0,10.333333333333334,10.5,6.0,7.5,12.0,11.0,8.0,8.0,10.0,8.5,15.0,11.5,2022-06-14 12:00:00
12.2,6.0,10.0,9.5,10.666666666666666,11.5,11.5,6.5,8.333333333333334,12.5,13.0,11.0,11.0,8.0,5.0,12.5,2022-06-14 13:00:00
8.8,7.333333333333333,10.5,9.0,16.0,12.5,10.0,8.5,11.0,13.5,11.0,10.0,11.0,11.0,11.0,10.5,2022-06-14 14:00:00
9.8,6.0,9.0,8.0,10.0,9.5,23.0,5.5,10.666666666666666,13.5,9.0,12.0,14.0,9.5,9.0,11.5,2022-06-14 15:00:00
7.0,4.0,8.0,6.5,7.666666666666667,6.0,5.0,7.5,9.333333333333334,10.5,8.0,7.0,9.0,6.0,7.0,9.0,2022-06-14 16:00:00
6.6,2.333333333333333,3.5,5.5,6.666666666666667,4.5,3.0,8.0,8.0,14.0,4.0,3.0,6.0,5.0,4.0,8.0,2022-06-14 17:00:00
5.8,2.333333333333333,2.5,7.0,4.666666666666667,4.5,2.0,6.5,10.0,13.0,2.0,2.0,3.0,3.0,3.0,5.5,2022-06-14 18:00:00
5.2,3.0,4.5,4.5,6.666666666666667,7.5,2.0,7.5,9.333333333333334,10.0,2.0,5.0,4.0,3.5,5.0,5.5,2022-06-14 19:00:00
6.4,6.0,3.5,3.5,8.666666666666666,7.5,3.5,10.0,6.333333333333333,13.5,3.0,4.0,6.0,3.5,4.0,5.5,2022-06-14 20:00:00
6.4,4.666666666666667,5.0,4.5,6.333333333333333,5.5,3.0,8.5,6.666666666666667,11.5,2.0,6.0,6.0,2.5,2.0,5.0,2022-06-14 21:00:00
6.0,3.333333333333333,5.0,4.5,5.666666666666667,7.5,1.5,9.0,6.333333333333333,5.5,6.0,5.0,6.0,3.5,4.0,5.0,2022-06-14 22:00:00
5.6,4.333333333333333,5.5,4.5,6.333333333333333,7.5,1.0,6.5,4.0,11.5,7.0,4.0,4.0,2.5,3.0,5.5,2022-06-14 23:00:00
6.4,3.0,6.0,3.5,6.0,5.5,1.5,7.5,5.333333333333333,12.5,5.0,8.0,5.0,2.0,3.0,6.5,2022-06-15 00:00:00
6.4,3.0,6.0,4.5,5.0,5.0,3.0,6.0,5.333333333333333,9.5,3.0,6.0,4.0,2.5,4.0,8.5,2022-06-15 01:00:00
7.8,5.666666666666667,5.5,3.5,4.666666666666667,6.0,4.0,10.0,7.333333333333333,8.5,3.0,7.0,6.0,2.0,5.0,6.5,2022-06-15 02:00:00
7.4,4.666666666666667,3.0,2.5,6.0,6.0,3.0,6.5,5.333333333333333,17.0,5.0,6.0,7.0,4.5,9.0,9.5,2022-06-15 03:00:00
7.4,4.333333333333333,5.0,5.0,6.0,7.0,17.5,6.0,6.333333333333333,9.0,6.0,7.0,5.0,4.5,9.0,8.0,2022-06-15 04:00:00
8.4,5.333333333333333,9.0,4.5,6.0,7.0,4.0,8.5,8.333333333333334,10.5,8.0,7.0,3.0,3.5,9.0,8.5,2022-06-15 05:00:00
10.2,6.333333333333333,9.5,4.5,5.333333333333333,10.0,5.5,6.5,8.666666666666666,9.5,9.0,5.0,6.0,3.5,7.0,9.5,2022-06-15 06:00:00
9.2,8.333333333333334,8.0,8.0,10.666666666666666,12.0,7.0,7.0,11.333333333333334,9.5,6.0,4.0,10.0,4.5,6.0,8.0,2022-06-15 07:00:00
7.6,9.333333333333334,8.5,8.5,12.333333333333334,11.0,9.0,7.5,11.666666666666666,10.0,6.0,8.0,13.0,7.5,8.0,12.0,2022-06-15 08:00:00
6.6,10.333333333333334,12.0,15.0,15.333333333333334,13.0,11.0,12.0,14.333333333333334,15.0,9.0,9.0,14.0,11.0,12.0,9.0,2022-06-15 09:00:00
16.8,12.666666666666666,10.0,19.5,18.666666666666668,20.0,18.5,15.0,22.666666666666668,15.0,13.0,12.0,16.0,10.5,20.0,16.0,2022-06-15 10:00:00
8.6,15.0,11.5,19.0,22.0,23.5,16.5,12.5,23.666666666666668,16.5,22.0,18.0,17.0,10.5,21.0,20.5,2022-06-15 11:00:00
11.8,11.333333333333334,17.5,12.0,19.33333333333333,21.5,14.0,14.0,24.33333333333333,50.0,15.0,20.0,16.0,8.0,23.0,16.0,2022-06-15 12:00:00
9.8,14.0,14.5,8.0,19.0,20.0,12.5,13.0,14.666666666666666,17.0,13.0,16.0,19.0,5.0,16.0,13.0,2022-06-15 13:00:00
12.0,16.666666666666668,15.5,17.0,23.666666666666668,19.0,12.5,17.0,31.666666666666668,18.0,21.0,17.0,20.0,4.5,21.0,19.0,2022-06-15 14:00:00
16.8,16.333333333333332,14.5,18.0,22.33333333333333,21.5,19.0,17.5,20.0,27.5,19.0,15.0,20.0,6.0,13.0,15.0,2022-06-15 15:00:00
19.2,21.33333333333333,17.5,12.0,25.666666666666668,22.0,21.5,19.5,24.0,60.0,18.0,17.0,23.0,10.0,16.0,13.5,2022-06-15 16:00:00
19.0,17.0,18.5,14.0,18.33333333333333,17.0,15.5,18.0,21.666666666666668,19.0,24.0,20.0,19.0,8.0,16.0,18.0,2022-06-15 17:00:00
19.2,18.666666666666668,16.0,17.0,16.0,18.5,9.5,18.5,19.33333333333333,22.0,19.0,12.0,20.0,10.5,9.0,15.0,2022-06-15 18:00:00
20.4,20.33333333333333,16.5,16.5,17.666666666666668,20.0,20.5,14.5,17.0,22.0,13.0,11.0,17.0,10.0,13.0,18.0,2022-06-15 19:00:00
21.8,18.33333333333333,20.0,17.0,20.0,21.0,20.5,22.0,18.666666666666668,20.5,20.0,15.0,19.0,7.5,13.0,20.0,2022-06-15 20:00:00
25.4,19.33333333333333,20.5,20.0,23.33333333333333,19.5,19.5,17.5,21.0,23.5,19.0,13.0,23.0,9.5,16.0,20.0,2022-06-15 21:00:00
26.8,22.0,24.0,23.0,32.666666666666664,23.5,26.5,19.5,23.33333333333333,25.0,26.0,27.0,24.0,10.0,21.0,24.0,2022-06-15 22:00:00
29.6,25.0,28.0,24.5,34.666666666666664,26.5,21.0,26.5,30.33333333333333,29.0,33.0,24.0,27.0,21.0,27.0,21.0,2022-06-15 23:00:00
34.4,32.333333333333336,29.0,32.0,40.333333333333336,31.5,28.5,33.5,31.33333333333333,33.5,33.0,31.0,30.0,21.5,29.0,31.5,2022-06-16 00:00:00
41.4,31.33333333333333,34.0,31.0,44.333333333333336,37.5,40.0,32.0,36.0,41.0,44.0,36.0,32.0,25.0,35.0,30.5,2022-06-16 01:00:00
43.8,36.333333333333336,37.0,36.0,43.0,39.5,33.5,37.0,36.0,46.0,50.0,35.0,39.0,31.5,41.0,36.5,2022-06-16 02:00:00
44.4,41.66666666666666,39.0,38.0,48.0,38.0,37.0,38.5,37.66666666666666,42.0,43.0,36.0,34.0,28.0,43.0,40.0,2022-06-16 03:00:00
46.0,37.333333333333336,41.5,35.0,47.333333333333336,39.5,38.0,39.5,39.333333333333336,38.5,47.0,37.0,39.0,32.0,35.0,40.0,2022-06-16 04:00:00
47.0,37.333333333333336,43.0,38.5,49.333333333333336,42.5,44.5,43.5,51.0,40.0,55.0,41.0,41.0,32.5,47.0,39.0,2022-06-16 05:00:00
50.4,40.333333333333336,42.0,40.5,50.333333333333336,42.5,37.0,47.0,54.333333333333336,42.5,56.0,40.0,43.0,38.0,44.0,38.0,2022-06-16 06:00:00
47.2,39.66666666666666,40.0,44.5,52.66666666666666,52.5,43.5,43.5,51.333333333333336,42.0,52.0,37.0,39.0,34.0,44.0,43.0,2022-06-16 07:00:00
44.8,42.66666666666666,41.0,45.5,52.66666666666666,45.0,37.5,42.0,48.66666666666666,43.0,48.0,45.0,45.0,35.5,46.0,45.0,2022-06-16 08:00:00
43.8,38.66666666666666,41.0,46.0,49.333333333333336,41.0,41.0,37.0,50.333333333333336,42.5,49.0,43.0,39.0,38.5,55.0,44.5,2022-06-16 09:00:00
44.2,36.0,36.5,47.5,51.66666666666666,44.0,44.0,41.5,54.333333333333336,47.5,52.0,43.0,48.0,35.0,48.0,46.0,2022-06-16 10:00:00
45.6,40.66666666666666,35.5,43.5,49.333333333333336,47.0,44.5,43.0,52.66666666666666,56.5,48.0,47.0,47.0,37.5,56.0,43.5,2022-06-16 11:00:00
46.4,37.66666666666666,38.0,44.0,55.0,46.0,44.5,43.0,46.0,43.0,46.0,55.0,44.0,39.5,54.0,39.0,2022-06-16 12:00:00
54.0,42.66666666666666,39.5,37.0,45.0,46.5,46.0,41.0,47.66666666666666,42.0,43.0,47.0,38.0,37.0,48.0,45.5,2022-06-16 13:00:00
44.2,43.333333333333336,36.0,46.5,53.0,45.0,38.0,43.0,46.66666666666666,75.5,43.0,55.0,44.0,39.0,51.0,47.5,2022-06-16 14:00:00
46.4,37.0,38.5,42.5,69.0,46.0,45.0,44.0,46.0,46.0,59.0,43.0,37.0,37.5,46.0,45.0,2022-06-16 15:00:00
45.2,39.0,37.5,43.0,74.0,47.5,44.0,37.5,50.333333333333336,45.5,53.0,42.0,46.0,41.0,47.0,45.5,2022-06-16 16:00:00
46.8,38.66666666666666,41.0,44.5,51.66666666666666,52.0,41.5,38.5,52.0,67.5,62.0,44.0,47.0,42.5,45.0,43.5,2022-06-16 17:00:00
39.2,41.0,38.0,42.5,56.333333333333336,46.5,42.5,39.0,46.333333333333336,82.0,45.0,46.0,40.0,41.0,41.0,42.0,2022-06-16 18:00:00
40.2,37.66666666666666,37.0,39.5,32.666666666666664,47.0,42.5,38.5,39.66666666666666,36.0,50.0,49.0,42.0,36.5,40.0,43.5,2022-06-16 19:00:00
38.6,34.666666666666664,36.0,37.5,40.0,43.5,40.5,35.5,39.66666666666666,32.5,44.0,47.0,35.0,29.0,41.0,42.0,2022-06-16 20:00:00
35.0,31.0,35.5,36.5,37.66666666666666,36.0,32.0,32.5,36.333333333333336,37.0,35.0,45.0,31.0,31.5,40.0,43.0,2022-06-16 21:00:00
39.0,30.33333333333333,33.0,32.5,31.33333333333333,29.5,25.5,31.5,32.333333333333336,31.0,31.0,46.0,29.0,31.0,30.0,39.5,2022-06-16 22:00:00
36.0,30.666666666666668,32.5,33.0,42.0,31.0,32.0,30.0,31.33333333333333,33.0,37.0,40.0,29.0,29.5,30.0,35.5,2022-06-16 23:00:00
38.8,32.0,27.5,37.0,44.0,31.0,37.0,35.0,37.0,33.0,38.0,36.0,37.0,31.5,37.0,34.5,2022-06-17 00:00:00
39.0,34.0,31.0,35.0,42.66666666666666,39.0,40.0,28.5,37.66666666666666,32.0,32.0,32.0,32.0,28.0,26.0,34.0,2022-06-17 01:00:00
37.8,30.666666666666668,27.5,32.5,32.333333333333336,25.0,35.5,32.0,33.666666666666664,37.0,31.0,33.0,31.0,32.0,31.0,32.0,2022-06-17 02:00:00
35.8,41.0,25.0,29.5,35.333333333333336,27.0,30.0,32.0,32.666666666666664,32.5,23.0,28.0,31.0,34.0,33.0,35.0,2022-06-17 03:00:00
40.0,26.0,25.5,32.0,37.66666666666666,31.0,38.5,31.5,35.666666666666664,38.5,35.0,29.0,27.0,35.0,32.0,28.5,2022-06-17 04:00:00
39.2,31.0,29.0,33.5,43.333333333333336,29.5,41.0,30.5,36.66666666666666,41.0,34.0,39.0,35.0,38.5,34.0,32.5,2022-06-17 05:00:00
41.0,27.666666666666668,24.0,36.0,50.0,30.0,40.5,35.5,38.66666666666666,40.5,34.0,32.0,33.0,33.5,34.0,33.0,2022-06-17 06:00:00
38.0,30.666666666666668,29.0,37.5,45.66666666666666,37.0,35.0,32.5,42.0,42.5,34.0,39.0,34.0,35.5,39.0,35.0,2022-06-17 07:00:00
33.6,37.333333333333336,30.5,37.0,41.333333333333336,43.0,31.5,34.0,43.0,36.0,30.0,40.0,38.0,31.5,34.0,36.0,2022-06-17 08:00:00
33.0,32.333333333333336,30.0,38.0,35.333333333333336,34.5,30.5,33.5,42.0,35.0,34.0,36.0,35.0,35.0,36.0,35.0,2022-06-17 09:00:00
28.8,31.666666666666668,30.0,32.5,38.333333333333336,33.5,34.5,29.5,34.333333333333336,49.5,34.0,41.0,39.0,22.5,36.0,33.0,2022-06-17 10:00:00
27.0,30.666666666666668,32.5,24.5,34.0,41.0,31.0,32.0,40.66666666666666,30.0,0.0,37.0,41.0,15.0,28.0,30.5,2022-06-17 11:00:00
26.0,30.666666666666668,33.0,18.5,32.333333333333336,34.5,28.0,26.0,28.0,23.0,0.0,35.0,31.0,15.5,25.0,25.5,2022-06-17 12:00:00
24.0,28.666666666666668,25.0,19.5,26.33333333333333,34.0,26.5,28.0,27.33333333333333,22.5,23.0,37.0,29.0,13.5,15.0,19.0,2022-06-17 13:00:00
24.6,26.33333333333333,24.0,19.5,28.0,26.0,24.0,26.0,30.33333333333333,11.0,25.0,27.0,22.0,14.5,25.0,19.0,2022-06-17 14:00:00
23.6,24.666666666666668,22.0,17.5,23.666666666666668,26.0,25.0,22.0,28.666666666666668,20.5,30.0,27.0,22.0,10.0,18.0,19.5,2022-06-17 15:00:00
19.6,21.666666666666668,21.5,15.0,26.33333333333333,21.0,17.0,24.5,26.666666666666668,15.5,15.0,19.0,25.0,13.5,13.0,18.5,2022-06-17 16:00:00
18.4,16.666666666666668,15.5,14.0,30.0,18.5,15.0,15.0,17.666666666666668,21.0,20.0,18.0,20.0,9.5,16.0,15.0,2022-06-17 17:00:00
19.2,17.333333333333332,12.0,14.0,23.0,20.5,21.5,15.5,22.666666666666668,32.0,25.0,15.0,15.0,11.0,14.0,11.0,2022-06-17 18:00:00
15.0,16.666666666666668,14.5,9.5,10.0,21.0,14.5,18.0,14.666666666666666,45.0,20.0,19.0,15.0,13.0,16.0,12.0,2022-06-17 19:00:00
18.6,17.0,15.5,12.5,9.0,19.5,13.0,18.5,15.0,17.5,19.0,15.0,16.0,9.0,12.0,12.0,2022-06-17 20:00:00
16.0,12.0,16.5,19.0,10.333333333333334,15.0,16.5,17.5,17.0,19.0,16.0,14.0,17.0,9.5,21.0,17.0,2022-06-17 21:00:00
14.6,9.333333333333334,11.0,9.5,9.0,14.0,13.5,15.5,14.0,15.5,16.0,9.0,10.0,10.5,18.0,15.5,2022-06-17 22:00:00
13.4,7.0,9.0,12.0,10.0,13.5,10.5,9.5,10.333333333333334,15.5,8.0,10.0,12.0,9.0,13.0,8.5,2022-06-17 23:00:00
13.4,4.666666666666667,10.0,9.5,7.333333333333333,9.0,10.5,7.0,7.333333333333333,14.5,8.0,9.0,10.0,8.5,9.0,9.5,2022-06-18 00:00:00
10.8,3.6666666666666665,10.0,7.0,9.666666666666666,7.0,10.0,7.5,9.0,9.5,11.0,8.0,6.0,7.5,6.0,8.5,2022-06-18 01:00:00
15.0,3.6666666666666665,8.0,5.5,7.333333333333333,3.0,7.5,8.0,7.666666666666667,13.5,9.0,7.0,6.0,6.5,7.0,8.0,2022-06-18 02:00:00
13.8,8.666666666666666,6.5,5.5,7.333333333333333,10.0,4.5,9.5,11.666666666666666,14.0,9.0,6.0,10.0,5.5,7.0,8.5,2022-06-18 03:00:00
11.4,12.333333333333334,7.0,3.5,10.333333333333334,8.5,4.5,8.5,9.333333333333334,13.0,7.0,5.0,6.0,6.5,10.0,11.0,2022-06-18 04:00:00
15.0,7.666666666666667,9.0,10.5,14.0,8.0,5.0,8.5,8.666666666666666,15.5,14.0,10.0,5.0,8.5,10.0,11.5,2022-06-18 05:00:00
14.8,10.0,10.0,19.0,14.333333333333334,9.5,6.0,11.5,13.0,18.5,12.0,11.0,6.0,10.0,6.0,11.0,2022-06-18 06:00:00
17.2,9.666666666666666,9.5,13.5,7.666666666666667,17.5,9.0,15.0,18.0,14.5,14.0,10.0,8.0,8.5,12.0,10.0,2022-06-18 07:00:00
13.6,9.0,7.0,12.5,17.0,16.5,14.5,13.5,16.666666666666668,15.0,13.0,12.0,8.0,10.5,15.0,16.0,2022-06-18 08:00:00
15.2,9.666666666666666,13.5,18.0,14.333333333333334,13.5,13.5,12.5,17.666666666666668,21.5,11.0,9.0,16.0,7.5,19.0,13.5,2022-06-18 09:00:00
16.6,15.666666666666666,23.0,21.5,27.33333333333333,15.5,13.5,15.0,22.33333333333333,15.5,21.0,8.0,14.0,9.0,27.0,13.5,2022-06-18 10:00:00
14.4,15.333333333333334,21.0,20.0,22.0,13.5,14.5,12.0,19.33333333333333,17.5,15.0,20.0,18.0,8.5,18.0,17.5,2022-06-18 11:00:00
10.4,15.0,15.0,9.0,29.666666666666668,22.5,20.5,20.0,16.0,14.0,16.0,12.0,22.0,4.0,15.0,13.0,2022-06-18 12:00:00
12.6,14.333333333333334,15.5,11.5,18.0,20.0,21.5,15.0,17.333333333333332,18.5,20.0,13.0,14.0,9.0,12.0,12.5,2022-06-18 13:00:00
19.2,19.0,17.5,12.0,29.0,25.0,23.5,19.5,20.33333333333333,22.5,18.0,17.0,21.0,10.5,20.0,15.5,2022-06-18 14:00:00
18.8,27.33333333333333,21.5,16.0,32.0,30.0,25.5,26.5,24.0,21.5,25.0,19.0,25.0,13.5,26.0,17.5,2022-06-18 15:00:00
18.2,23.666666666666668,22.0,13.5,28.666666666666668,26.5,18.5,25.5,22.33333333333333,19.0,22.0,18.0,23.0,10.0,20.0,19.0,2022-06-18 16:00:00
17.8,24.666666666666668,20.0,11.0,22.0,24.5,17.0,20.5,15.666666666666666,39.0,15.0,19.0,19.0,10.0,14.0,18.5,2022-06-18 17:00:00
14.8,19.33333333333333,20.5,11.5,15.333333333333334,21.0,19.5,18.0,14.666666666666666,14.5,19.0,14.0,18.0,8.5,12.0,12.5,2022-06-18 18:00:00
16.6,15.333333333333334,19.0,13.0,12.333333333333334,19.5,21.0,15.5,10.333333333333334,60.5,24.0,13.0,13.0,8.5,11.0,15.5,2022-06-18 19:00:00
17.0,14.333333333333334,15.5,12.0,13.0,18.0,18.5,19.5,11.333333333333334,15.5,16.0,16.0,10.0,11.0,20.0,15.0,2022-06-18 20:00:00
12.0,14.333333333333334,17.0,12.0,15.0,14.0,19.5,14.5,12.0,14.0,16.0,18.0,13.0,9.0,17.0,16.5,2022-06-18 21:00:00
12.6,14.333333333333334,19.0,9.0,16.0,12.5,13.5,13.0,10.0,11.5,4.0,15.0,10.0,9.5,10.0,14.5,2022-06-18 22:00:00
12.2,14.666666666666666,16.0,11.0,14.666666666666666,11.5,8.5,8.0,7.666666666666667,34.0,6.0,13.0,5.0,7.5,9.0,16.0,2022-06-18 23:00:00
10.8,11.0,15.5,8.0,13.0,16.5,7.0,10.0,8.666666666666666,9.0,11.0,8.0,11.0,6.5,15.0,13.0,2022-06-19 00:00:00
9.2,10.333333333333334,14.5,7.5,13.0,13.0,9.5,9.5,8.333333333333334,75.5,11.0,13.0,7.0,7.5,6.0,15.5,2022-06-19 01:00:00
13.8,10.666666666666666,15.0,14.0,12.0,13.5,7.5,11.0,8.0,13.0,15.0,9.0,8.0,5.0,8.0,15.0,2022-06-19 02:00:00
9.6,12.0,14.0,13.5,15.0,14.0,8.0,7.5,6.666666666666667,11.0,13.0,11.0,8.0,75.5,12.0,12.5,2022-06-19 03:00:00
8.8,10.333333333333334,14.5,10.0,15.333333333333334,12.5,7.0,8.0,7.0,14.0,17.0,11.0,10.0,10.0,8.0,12.0,2022-06-19 04:00:00
8.8,12.0,18.5,10.0,13.333333333333334,11.0,8.0,12.0,7.0,10.5,10.0,14.0,8.0,7.5,7.0,15.5,2022-06-19 05:00:00
11.0,15.0,12.5,9.0,13.333333333333334,12.0,7.0,13.5,10.666666666666666,14.0,11.0,15.0,10.0,5.0,10.0,11.5,2022-06-19 06:00:00
12.8,14.333333333333334,15.0,9.5,15.333333333333334,14.0,11.5,12.0,9.333333333333334,28.0,9.0,13.0,13.0,5.0,8.0,13.0,2022-06-19 07:00:00
11.8,16.666666666666668,17.0,11.0,17.333333333333332,12.5,11.5,7.5,9.333333333333334,11.5,11.0,13.0,7.0,6.0,17.0,12.0,2022-06-19 08:00:00
10.4,13.333333333333334,15.0,13.0,14.666666666666666,13.5,19.0,10.0,8.333333333333334,12.0,11.0,18.0,9.0,7.0,16.0,12.0,2022-06-19 09:00:00
10.2,14.333333333333334,13.5,12.5,21.0,12.5,8.0,11.5,9.0,11.5,8.0,32.0,18.0,7.0,13.0,14.0,2022-06-19 10:00:00
11.8,11.0,16.0,10.5,19.666666666666668,19.5,17.5,11.0,10.333333333333334,10.0,14.0,16.0,15.0,7.0,11.0,12.5,2022-06-19 11:00:00
13.4,14.333333333333334,16.5,8.5,15.0,20.5,8.0,10.5,10.333333333333334,9.5,15.0,18.0,13.0,4.0,8.0,12.0,2022-06-19 12:00:00
9.8,9.333333333333334,10.0,9.0,12.0,18.5,6.0,11.0,11.666666666666666,10.0,15.0,12.0,9.0,9.0,14.0,15.5,2022-06-19 13:00:00
10.6,14.0,10.0,6.0,16.0,16.5,9.5,10.5,10.0,11.5,11.0,13.0,16.0,7.5,12.0,14.0,2022-06-19 14:00:00
10.4,13.333333333333334,12.0,6.0,18.0,20.0,11.5,12.5,9.333333333333334,10.5,13.0,13.0,12.0,6.0,20.0,10.5,2022-06-19 15:00:00
11.6,14.0,18.5,6.0,25.0,19.0,12.0,12.0,11.0,10.0,11.0,12.0,15.0,8.0,13.0,8.5,2022-06-19 16:00:00
13.2,14.666666666666666,13.0,8.5,15.666666666666666,13.0,11.0,15.0,9.666666666666666,10.5,9.0,8.0,13.0,6.5,17.0,13.0,2022-06-19 17:00:00
11.6,11.333333333333334,9.0,8.0,12.666666666666666,7.5,11.5,10.5,9.666666666666666,9.0,13.0,10.0,11.0,4.5,9.0,11.5,2022-06-19 18:00:00
12.4,9.333333333333334,9.5,8.5,12.666666666666666,9.5,13.5,12.0,9.666666666666666,9.0,15.0,9.0,12.0,7.5,20.0,9.0,2022-06-19 19:00:00
15.2,9.666666666666666,11.5,10.0,9.333333333333334,11.5,13.5,13.5,10.666666666666666,12.5,12.0,10.0,10.0,8.0,13.0,9.5,2022-06-19 20:00:00
9.8,11.0,11.0,8.5,7.333333333333333,13.5,9.5,13.0,10.0,15.0,13.0,9.0,10.0,7.0,13.0,13.0,2022-06-19 21:00:00
10.8,8.333333333333334,12.0,10.5,11.0,12.5,12.0,11.0,8.666666666666666,11.5,12.0,15.0,9.0,6.5,11.0,15.0,2022-06-19 22:00:00
9.2,7.666666666666667,12.5,11.0,13.666666666666666,5.5,7.5,10.0,6.0,12.0,9.0,7.0,10.0,7.0,8.0,12.5,2022-06-19 23:00:00
9.4,7.0,10.5,10.5,12.0,4.0,4.5,6.5,6.666666666666667,9.5,14.0,11.0,8.0,5.5,13.0,16.0,2022-06-20 00:00:00
10.0,5.666666666666667,9.5,8.0,10.666666666666666,4.5,7.0,6.5,7.666666666666667,12.5,7.0,7.0,5.0,7.0,8.0,10.0,2022-06-20 01:00:00
12.2,5.666666666666667,11.0,7.5,7.666666666666667,5.5,5.5,6.5,9.333333333333334,12.5,4.0,4.0,7.0,7.0,7.0,10.0,2022-06-20 02:00:00
9.6,11.0,7.0,7.0,5.666666666666667,5.0,4.0,7.0,7.333333333333333,10.0,7.0,4.0,7.0,8.0,6.0,10.0,2022-06-20 03:00:00
9.6,11.666666666666666,8.0,7.0,9.666666666666666,6.0,5.0,10.5,6.0,9.5,7.0,5.0,7.0,5.5,4.0,10.0,2022-06-20 04:00:00
9.4,8.0,9.0,7.5,16.666666666666668,7.0,7.0,9.5,14.666666666666666,8.0,12.0,13.0,7.0,6.0,6.0,12.0,2022-06-20 05:00:00
13.6,10.666666666666666,14.5,11.5,20.666666666666668,12.5,6.5,10.5,11.333333333333334,12.0,14.0,11.0,6.0,6.5,14.0,12.5,2022-06-20 06:00:00
13.6,14.0,15.0,16.0,17.666666666666668,14.5,9.0,14.5,13.333333333333334,13.5,17.0,14.0,17.0,7.0,15.0,17.0,2022-06-20 07:00:00
13.6,19.0,19.0,13.0,22.666666666666668,25.5,22.5,16.5,23.0,13.5,24.0,21.0,21.0,13.5,19.0,19.5,2022-06-20 08:00:00
16.8,23.666666666666668,20.5,21.5,27.0,26.0,27.5,29.5,35.333333333333336,22.5,42.0,21.0,27.0,15.0,21.0,21.5,2022-06-20 09:00:00
19.4,28.33333333333333,23.5,20.0,28.33333333333333,31.0,31.0,36.0,31.33333333333333,27.5,23.0,23.0,27.0,15.5,15.0,17.5,2022-06-20 10:00:00
17.2,30.666666666666668,30.0,21.0,29.33333333333333,33.0,31.0,34.0,35.0,24.0,22.0,31.0,29.0,12.0,10.0,17.0,2022-06-20 11:00:00
17.0,27.0,36.5,15.0,26.666666666666668,34.0,26.5,34.0,18.33333333333333,28.5,26.0,35.0,31.0,10.0,12.0,19.5,2022-06-20 12:00:00
19.2,33.666666666666664,30.5,17.0,31.33333333333333,32.0,28.0,33.0,19.33333333333333,26.5,24.0,38.0,32.0,7.0,14.0,23.5,2022-06-20 13:00:00
22.2,31.666666666666668,25.0,15.5,20.666666666666668,27.5,19.0,30.0,13.0,15.0,14.0,14.0,26.0,4.5,13.0,18.0,2022-06-20 14:00:00
27.8,20.33333333333333,7.0,11.0,23.666666666666668,16.5,14.0,18.5,17.0,22.5,20.0,16.0,12.0,2.5,14.0,13.5,2022-06-20 15:00:00
32.0,17.0,10.5,4.5,15.0,20.5,13.5,15.5,13.666666666666666,14.0,16.0,21.0,26.0,3.0,14.0,10.5,2022-06-20 16:00:00
10.0,13.666666666666666,8.0,4.5,14.333333333333334,17.0,10.5,16.5,14.0,15.0,13.0,5.0,17.0,5.5,10.0,7.0,2022-06-20 17:00:00
12.0,12.666666666666666,13.5,7.0,12.666666666666666,15.5,14.5,13.0,15.666666666666666,13.5,14.0,9.0,11.0,8.5,7.0,8.0,2022-06-20 18:00:00
13.2,11.666666666666666,10.0,9.5,12.333333333333334,15.0,12.0,20.0,12.666666666666666,16.0,19.0,10.0,10.0,5.0,13.0,9.0,2022-06-20 19:00:00
14.4,15.333333333333334,15.0,16.0,23.0,19.5,23.5,19.5,18.666666666666668,17.5,25.0,23.0,18.0,11.5,12.0,19.0,2022-06-20 20:00:00
14.8,19.666666666666668,19.0,22.5,23.0,22.0,15.5,19.5,19.0,19.5,26.0,31.0,20.0,12.5,22.0,19.5,2022-06-20 21:00:00
16.4,20.33333333333333,23.5,19.5,25.0,20.5,21.0,16.5,18.33333333333333,17.5,15.0,30.0,22.0,13.0,20.0,24.5,2022-06-20 22:00:00
10.6,18.0,24.5,14.5,21.33333333333333,17.5,13.0,21.0,14.666666666666666,13.5,20.0,26.0,17.0,8.0,15.0,23.5,2022-06-20 23:00:00
14.4,11.666666666666666,17.0,10.0,15.666666666666666,7.5,7.5,14.5,12.0,15.0,8.0,17.0,7.0,5.5,11.0,16.5,2022-06-21 00:00:00
15.4,11.333333333333334,13.0,10.5,15.666666666666666,7.0,4.5,9.5,11.333333333333334,14.5,12.0,13.0,6.0,5.5,12.0,9.5,2022-06-21 01:00:00
12.8,10.333333333333334,14.5,13.5,11.666666666666666,6.5,9.0,7.0,11.0,13.0,13.0,13.0,9.0,7.5,15.0,13.0,2022-06-21 02:00:00
13.0,14.666666666666666,13.5,11.0,20.666666666666668,8.5,4.0,8.0,8.333333333333334,16.5,8.0,13.0,11.0,6.0,18.0,15.0,2022-06-21 03:00:00
16.2,14.333333333333334,18.5,12.0,20.0,17.5,5.0,11.0,12.0,13.0,16.0,13.0,11.0,12.5,20.0,14.0,2022-06-21 04:00:00
15.4,12.0,24.5,21.5,22.33333333333333,13.5,11.0,14.5,15.666666666666666,16.5,18.0,17.0,16.0,14.5,15.0,20.5,2022-06-21 05:00:00
17.8,15.666666666666666,25.5,17.5,28.0,17.5,13.5,16.5,15.333333333333334,18.5,25.0,14.0,9.0,9.5,24.0,19.5,2022-06-21 06:00:00
18.0,18.0,19.0,13.5,24.666666666666668,17.0,14.5,15.5,20.666666666666668,23.0,32.0,17.0,15.0,9.5,21.0,20.0,2022-06-21 07:00:00
20.2,19.33333333333333,12.5,11.5,25.0,17.5,17.0,17.5,19.33333333333333,27.5,27.0,15.0,23.0,6.0,18.0,18.0,2022-06-21 08:00:00
13.8,20.33333333333333,9.0,6.0,22.666666666666668,10.5,19.0,19.0,19.0,21.0,23.0,8.0,19.0,5.0,14.0,14.0,2022-06-21 09:00:00
13.6,10.666666666666666,9.5,6.5,13.333333333333334,11.0,4.0,13.0,15.333333333333334,16.0,15.0,8.0,7.0,6.5,12.0,9.0,2022-06-21 10:00:00
10.6,12.0,7.0,6.5,12.0,10.0,3.5,6.5,5.333333333333333,14.5,9.0,9.0,15.0,4.5,7.0,7.0,2022-06-21 11:00:00
10.0,8.0,10.5,7.0,17.666666666666668,7.5,4.0,6.0,7.333333333333333,17.5,9.0,12.0,7.0,3.5,15.0,9.0,2022-06-21 12:00:00
15.2,12.0,15.0,17.0,18.33333333333333,12.5,10.0,9.5,15.666666666666666,15.5,16.0,18.0,9.0,13.0,15.0,19.5,2022-06-21 13:00:00
16.4,16.333333333333332,14.0,13.0,13.0,12.0,8.0,12.0,11.333333333333334,21.0,12.0,26.0,12.0,12.0,15.0,12.5,2022-06-21 14:00:00
16.2,20.0,15.0,15.0,21.666666666666668,11.5,9.0,10.5,16.0,21.5,20.0,27.0,9.0,16.0,10.0,16.5,2022-06-21 15:00:00
17.4,13.0,11.5,20.0,23.666666666666668,15.5,11.5,9.0,15.666666666666666,23.5,23.0,25.0,15.0,22.0,15.0,21.0,2022-06-21 16:00:00
19.6,14.666666666666666,18.0,17.0,29.0,16.0,15.0,12.0,20.666666666666668,22.0,19.0,19.0,22.0,21.5,20.0,15.0,2022-06-21 17:00:00
20.6,15.0,14.5,15.5,21.666666666666668,14.0,14.5,13.5,19.33333333333333,16.5,23.0,23.0,15.0,14.5,12.0,15.5,2022-06-21 18:00:00
19.8,11.0,11.5,17.5,17.666666666666668,7.5,12.0,14.5,11.666666666666666,16.5,15.0,23.0,8.0,13.5,17.0,17.5,2022-06-21 19:00:00
18.6,12.333333333333334,16.5,16.5,14.0,11.5,12.0,14.5,16.0,18.0,23.0,28.0,11.0,14.5,18.0,17.0,2022-06-21 20:00:00
17.0,12.0,20.5,19.5,14.666666666666666,12.5,9.0,11.5,15.666666666666666,9.5,14.0,30.0,12.0,11.0,17.0,14.0,2022-06-21 21:00:00
21.4,9.666666666666666,19.0,19.5,23.666666666666668,14.0,8.5,17.5,9.0,11.0,13.0,26.0,14.0,17.5,14.0,21.0,2022-06-21 22:00:00
22.4,9.666666666666666,17.5,16.5,23.666666666666668,15.5,15.0,16.5,13.0,15.5,22.0,24.0,16.0,16.5,15.0,17.5,2022-06-21 23:00:00
28.0,15.0,17.0,20.0,27.0,18.5,21.5,19.5,25.666666666666668,30.0,23.0,25.0,22.0,15.0,26.0,21.0,2022-06-22 00:00:00
28.6,12.666666666666666,13.0,25.5,18.33333333333333,19.0,31.5,21.0,26.0,25.0,13.0,11.0,17.0,19.5,22.0,21.0,2022-06-22 01:00:00
26.6,15.0,17.5,25.0,19.33333333333333,17.0,17.5,15.5,22.0,21.5,13.0,13.0,16.0,24.0,17.0,19.0,2022-06-22 02:00:00
22.8,11.666666666666666,12.5,19.5,19.666666666666668,14.0,18.0,11.5,17.0,23.0,13.0,11.0,14.0,22.0,11.0,21.5,2022-06-22 03:00:00
25.0,11.666666666666666,12.0,16.0,13.666666666666666,10.0,13.0,13.5,13.666666666666666,23.0,17.0,15.0,15.0,15.5,20.0,22.0,2022-06-22 04:00:00
22.8,13.666666666666666,14.5,20.5,14.333333333333334,15.5,21.5,11.0,16.333333333333332,25.5,16.0,16.0,9.0,15.0,24.0,21.0,2022-06-22 05:00:00
23.0,12.333333333333334,13.5,25.5,23.666666666666668,18.0,19.0,16.0,22.0,27.5,22.0,13.0,18.0,19.5,34.0,21.0,2022-06-22 06:00:00
24.8,15.666666666666666,14.5,28.0,35.666666666666664,20.0,22.5,22.5,29.33333333333333,30.0,26.0,24.0,21.0,17.0,37.0,22.0,2022-06-22 07:00:00
26.2,20.0,17.0,27.0,25.666666666666668,19.5,23.5,28.5,29.0,24.0,16.0,26.0,17.0,15.0,31.0,22.5,2022-06-22 08:00:00
18.4,18.666666666666668,16.0,25.5,31.666666666666668,22.5,29.5,25.5,29.666666666666668,24.5,23.0,24.0,26.0,14.5,32.0,22.0,2022-06-22 09:00:00
28.8,29.33333333333333,19.0,30.0,33.666666666666664,27.5,32.5,30.0,32.333333333333336,25.5,22.0,30.0,27.0,13.5,34.0,23.0,2022-06-22 10:00:00
26.6,34.666666666666664,24.5,27.0,38.0,34.5,36.0,28.5,32.333333333333336,31.0,32.0,34.0,33.0,16.0,29.0,26.5,2022-06-22 11:00:00
27.6,43.0,33.0,28.5,33.666666666666664,39.5,37.0,40.0,36.66666666666666,28.5,29.0,40.0,38.0,15.5,28.0,26.5,2022-06-22 12:00:00
31.6,42.0,33.0,28.5,29.0,35.0,42.5,36.0,40.0,26.5,30.0,35.0,29.0,24.5,27.0,27.5,2022-06-22 13:00:00
36.6,40.0,32.5,33.5,43.333333333333336,38.5,42.5,36.5,38.66666666666666,44.5,39.0,37.0,37.0,25.5,40.0,37.0,2022-06-22 14:00:00
38.2,46.0,37.5,35.0,52.0,45.0,41.0,45.5,32.666666666666664,41.5,38.0,51.0,40.0,24.0,37.0,34.0,2022-06-22 15:00:00
35.4,47.66666666666666,34.0,31.0,51.333333333333336,43.5,37.0,43.0,45.66666666666666,29.5,35.0,53.0,35.0,18.0,32.0,32.0,2022-06-22 16:00:00
29.8,41.66666666666666,33.5,26.0,41.333333333333336,38.5,31.5,34.5,44.0,31.0,34.0,28.0,25.0,16.0,32.0,29.5,2022-06-22 17:00:00
28.4,31.33333333333333,28.5,20.0,28.666666666666668,30.0,27.5,32.5,32.333333333333336,20.5,34.0,28.0,22.0,10.5,20.0,22.5,2022-06-22 18:00:00
19.2,23.666666666666668,25.0,16.5,21.33333333333333,27.5,22.0,27.0,28.33333333333333,21.0,34.0,25.0,23.0,13.0,22.0,19.5,2022-06-22 19:00:00
16.6,18.33333333333333,26.0,15.0,15.0,22.5,20.5,25.5,21.0,15.0,29.0,15.0,17.0,13.5,14.0,18.0,2022-06-22 20:00:00
13.0,19.666666666666668,19.0,12.5,11.666666666666666,17.5,14.5,17.0,17.333333333333332,16.5,14.0,13.0,17.0,9.0,11.0,15.0,2022-06-22 21:00:00
13.6,13.333333333333334,13.5,13.0,13.666666666666666,18.0,16.0,12.5,14.333333333333334,17.0,16.0,9.0,17.0,9.0,16.0,13.0,2022-06-22 22:00:00
11.4,11.666666666666666,17.0,11.5,14.0,15.0,13.0,10.5,15.0,14.5,17.0,5.0,9.0,7.5,14.0,15.0,2022-06-22 23:00:00
10.4,8.333333333333334,15.5,10.5,14.0,15.0,8.0,8.0,16.333333333333332,16.0,16.0,11.0,9.0,6.0,10.0,12.0,2022-06-23 00:00:00
10.2,9.0,13.5,8.0,10.666666666666666,9.0,11.0,8.0,15.333333333333334,16.5,9.0,11.0,10.0,10.0,7.0,9.5,2022-06-23 01:00:00
11.6,8.0,8.5,10.5,9.333333333333334,7.5,8.0,8.0,14.0,14.0,6.0,8.0,6.0,8.0,13.0,7.0,2022-06-23 02:00:00
14.8,6.666666666666667,7.0,6.5,12.333333333333334,9.5,8.5,9.5,10.0,14.0,9.0,14.0,13.0,5.5,9.0,9.5,2022-06-23 03:00:00
13.4,7.0,7.0,15.0,19.0,10.5,10.0,10.0,12.666666666666666,16.0,11.0,12.0,8.0,7.5,14.0,10.0,2022-06-23 04:00:00
15.8,9.333333333333334,9.0,13.5,18.33333333333333,12.0,12.5,12.5,13.666666666666666,13.0,23.0,13.0,7.0,6.5,12.0,11.5,2022-06-23 05:00:00
13.2,10.333333333333334,8.5,5.5,11.333333333333334,13.5,10.0,11.5,13.666666666666666,11.0,6.0,10.0,7.0,4.5,8.0,8.5,2022-06-23 06:00:00
13.8,12.333333333333334,9.0,8.0,13.666666666666666,13.5,5.0,13.0,12.333333333333334,14.5,12.0,9.0,14.0,7.0,12.0,8.5,2022-06-23 07:00:00
12.2,10.666666666666666,8.0,8.0,13.666666666666666,14.0,5.5,10.5,16.666666666666668,9.0,7.0,6.0,10.0,6.0,11.0,8.0,2022-06-23 08:00:00
11.0,13.0,10.0,10.5,15.333333333333334,14.0,8.0,13.0,22.0,11.0,10.0,8.0,13.0,3.0,13.0,9.5,2022-06-23 09:00:00
14.0,10.666666666666666,7.0,10.5,16.333333333333332,12.0,8.5,11.0,19.0,15.0,10.0,12.0,15.0,5.0,14.0,12.0,2022-06-23 10:00:00
19.8,10.333333333333334,4.5,17.5,26.0,14.0,3.5,12.5,23.666666666666668,19.5,22.0,18.0,17.0,8.5,26.0,13.5,2022-06-23 11:00:00
25.8,9.333333333333334,8.0,17.0,20.33333333333333,16.5,8.5,21.0,26.33333333333333,25.0,23.0,20.0,19.0,9.0,19.0,17.5,2022-06-23 12:00:00
33.0,14.666666666666666,9.0,15.5,22.0,22.5,30.0,25.0,30.0,24.0,25.0,14.0,17.0,9.0,21.0,20.0,2022-06-23 13:00:00
25.2,13.333333333333334,14.5,23.5,27.666666666666668,18.0,20.0,20.0,26.666666666666668,25.0,23.0,14.0,19.0,8.5,24.0,19.5,2022-06-23 14:00:00
23.2,18.33333333333333,21.0,40.0,46.0,17.5,35.5,27.0,47.333333333333336,40.0,66.0,46.0,31.0,22.5,42.0,36.5,2022-06-23 15:00:00
25.4,32.0,26.0,43.0,42.66666666666666,28.5,32.5,34.0,42.333333333333336,36.0,50.0,44.0,37.0,25.5,41.0,36.0,2022-06-23 16:00:00
37.6,28.0,24.0,41.5,47.66666666666666,27.5,37.0,29.0,39.0,39.0,65.0,44.0,32.0,22.0,37.0,39.0,2022-06-23 17:00:00
34.0,30.33333333333333,24.5,39.5,50.0,35.5,39.0,28.5,34.333333333333336,34.5,58.0,47.0,36.0,26.5,39.0,44.0,2022-06-23 18:00:00
36.6,30.0,26.5,39.5,45.333333333333336,37.0,40.5,28.5,34.666666666666664,33.0,51.0,44.0,36.0,24.5,44.0,39.0,2022-06-23 19:00:00
36.4,28.0,30.0,39.0,40.66666666666666,37.0,31.5,27.0,30.666666666666668,29.5,51.0,45.0,33.0,23.0,34.0,38.5,2022-06-23 20:00:00
35.8,28.666666666666668,31.0,38.0,45.0,31.0,36.5,34.5,33.666666666666664,33.5,53.0,43.0,27.0,25.0,33.0,34.5,2022-06-23 21:00:00
33.0,30.33333333333333,28.5,35.5,43.333333333333336,37.5,29.5,33.0,32.333333333333336,33.5,56.0,37.0,35.0,21.0,34.0,33.5,2022-06-23 22:00:00
31.0,23.0,27.0,31.5,33.666666666666664,26.0,28.5,25.0,23.666666666666668,30.5,40.0,34.0,23.0,21.0,26.0,28.0,2022-06-23 23:00:00
27.8,21.0,23.0,31.0,40.66666666666666,22.0,26.5,23.5,26.33333333333333,39.0,49.0,37.0,27.0,21.0,30.0,31.5,2022-06-24 00:00:00
31.2,28.0,23.0,35.5,47.0,26.0,32.5,27.5,32.333333333333336,43.5,60.0,37.0,26.0,25.0,40.0,32.0,2022-06-24 01:00:00
33.4,29.666666666666668,27.0,35.0,48.0,28.5,34.0,31.5,38.0,38.0,61.0,40.0,37.0,20.0,34.0,33.5,2022-06-24 02:00:00
40.2,27.666666666666668,19.5,27.0,48.0,23.5,30.0,37.5,39.0,38.0,57.0,28.0,31.0,25.5,32.0,28.0,2022-06-24 03:00:00
21.0,19.0,11.5,25.5,26.666666666666668,17.0,14.0,22.5,23.0,29.0,26.0,31.0,23.0,19.5,19.0,21.5,2022-06-24 04:00:00
19.4,6.666666666666667,8.5,28.5,24.666666666666668,5.5,10.5,8.5,13.333333333333334,25.0,27.0,17.0,13.0,27.5,19.0,18.5,2022-06-24 05:00:00
22.6,10.0,8.0,20.0,20.33333333333333,10.5,8.0,11.0,16.333333333333332,20.0,19.0,21.0,9.0,15.5,15.0,18.0,2022-06-24 06:00:00
18.2,6.666666666666667,8.0,17.5,14.333333333333334,7.5,7.5,11.5,14.0,21.0,16.0,12.0,7.0,14.0,17.0,11.0,2022-06-24 07:00:00
15.8,6.666666666666667,6.5,16.5,17.666666666666668,6.0,9.5,8.0,12.666666666666666,19.0,23.0,11.0,8.0,12.0,19.0,12.5,2022-06-24 08:00:00
15.8,8.666666666666666,9.0,18.5,18.666666666666668,7.0,8.0,9.5,18.0,22.5,21.0,14.0,10.0,18.5,12.0,15.5,2022-06-24 09:00:00
16.0,13.0,5.5,21.0,21.33333333333333,9.5,11.0,10.0,22.33333333333333,23.0,19.0,17.0,9.0,15.5,21.0,18.5,2022-06-24 10:00:00
16.0,11.333333333333334,7.5,12.0,15.666666666666666,10.5,9.5,5.5,18.33333333333333,17.5,6.0,9.0,7.0,11.5,12.0,9.5,2022-06-24 11:00:00
12.0,9.0,7.5,14.5,11.666666666666666,7.5,5.0,4.0,14.666666666666666,17.5,11.0,6.0,6.0,10.5,12.0,10.0,2022-06-24 12:00:00
14.4,11.0,8.5,11.5,17.333333333333332,10.5,13.0,9.0,16.0,14.5,13.0,15.0,6.0,11.5,16.0,16.5,2022-06-24 13:00:00
22.2,16.666666666666668,12.0,17.5,19.33333333333333,16.0,18.5,13.0,24.0,26.5,23.0,27.0,14.0,18.5,21.0,20.0,2022-06-24 14:00:00
25.2,19.666666666666668,14.5,19.0,30.33333333333333,20.0,22.0,21.5,33.666666666666664,30.0,31.0,29.0,15.0,18.0,28.0,25.5,2022-06-24 15:00:00
26.8,23.33333333333333,17.5,21.5,35.666666666666664,25.5,28.0,25.0,32.666666666666664,30.0,25.0,24.0,18.0,13.0,25.0,27.5,2022-06-24 16:00:00
23.2,24.666666666666668,27.0,23.0,27.0,24.0,31.5,22.0,30.0,25.5,35.0,29.0,27.0,13.5,18.0,25.5,2022-06-24 17:00:00
27.8,27.33333333333333,21.5,23.5,29.33333333333333,22.5,31.0,20.0,27.0,30.5,33.0,28.0,20.0,19.5,22.0,26.0,2022-06-24 18:00:00
32.8,28.33333333333333,22.0,27.5,34.666666666666664,28.5,37.0,32.5,34.333333333333336,38.0,44.0,32.0,30.0,20.0,29.0,28.0,2022-06-24 19:00:00
32.6,28.33333333333333,31.5,24.5,36.333333333333336,32.5,37.5,29.5,33.333333333333336,37.0,52.0,30.0,32.0,15.5,29.0,34.5,2022-06-24 20:00:00
32.6,30.33333333333333,32.5,26.5,34.0,33.5,40.5,29.0,33.333333333333336,32.0,42.0,33.0,28.0,17.5,29.0,34.0,2022-06-24 21:00:00
31.2,29.33333333333333,28.5,29.0,35.666666666666664,32.0,37.0,26.5,30.33333333333333,30.0,45.0,33.0,25.0,20.0,29.0,34.0,2022-06-24 22:00:00
31.4,27.0,30.0,24.0,37.333333333333336,31.0,30.5,29.5,31.666666666666668,29.5,48.0,33.0,29.0,10.5,26.0,31.5,2022-06-24 23:00:00
30.666666666666668,29.666666666666668,27.5,24.0,46.0,26.0,34.5,26.5,27.0,36.0,44.0,26.0,27.0,11.5,27.0,30.0,2022-06-25 00:00:00
31.33333333333333,29.666666666666668,29.5,21.5,37.0,25.0,34.5,28.5,31.0,28.0,37.0,29.0,28.0,13.0,22.0,29.0,2022-06-25 01:00:00
31.666666666666668,29.33333333333333,29.0,23.0,40.0,27.0,30.5,29.5,33.0,34.0,37.0,29.0,26.0,10.0,23.0,30.0,2022-06-25 02:00:00
32.0,30.33333333333333,28.5,26.5,47.0,30.0,30.0,32.0,27.5,29.5,43.0,31.0,26.0,14.5,28.0,31.0,2022-06-25 03:00:00
35.666666666666664,27.0,28.5,27.5,48.0,26.0,31.5,28.0,31.5,30.0,42.0,35.0,26.0,23.0,32.0,32.0,2022-06-25 04:00:00
34.0,30.33333333333333,29.5,34.5,52.0,29.0,37.5,29.5,35.5,32.5,51.0,35.0,31.0,15.0,30.0,32.5,2022-06-25 05:00:00
39.0,32.0,29.5,27.0,46.0,32.0,33.5,35.5,36.5,33.0,41.0,31.0,31.0,17.0,25.0,28.5,2022-06-25 06:00:00
40.333333333333336,36.333333333333336,37.0,33.0,54.0,32.0,36.5,38.0,40.5,38.5,48.0,34.0,34.0,19.5,36.0,32.0,2022-06-25 07:00:00
27.33333333333333,39.333333333333336,35.0,22.0,57.0,35.0,42.0,33.0,41.5,28.5,46.0,29.0,33.0,8.0,28.0,34.0,2022-06-25 08:00:00
33.666666666666664,38.0,35.0,29.5,45.0,35.0,34.0,32.5,36.5,29.5,39.0,28.0,33.0,11.5,27.0,29.5,2022-06-25 09:00:00
32.333333333333336,39.66666666666666,35.0,30.0,47.0,38.0,39.5,38.0,45.5,31.0,38.0,36.0,29.0,22.0,38.0,34.0,2022-06-25 10:00:00
37.333333333333336,37.0,34.0,36.5,43.0,33.0,41.0,33.0,42.5,33.5,42.0,34.0,31.0,21.5,35.0,35.5,2022-06-25 11:00:00
33.0,34.0,33.0,29.0,47.0,31.0,42.0,37.0,46.5,33.0,43.0,29.0,33.0,19.5,30.0,33.5,2022-06-25 12:00:00
31.33333333333333,34.333333333333336,28.0,29.0,39.0,32.0,39.0,39.0,42.5,33.5,42.0,32.0,36.0,23.5,30.0,38.5,2022-06-25 13:00:00
34.0,30.33333333333333,24.5,25.0,67.0,31.0,37.5,33.5,45.0,34.0,39.0,35.0,40.0,25.0,36.0,35.5,2022-06-25 14:00:00
23.666666666666668,28.666666666666668,24.5,24.0,38.0,27.0,27.0,28.5,31.5,21.5,42.0,26.0,27.0,19.0,25.0,29.0,2022-06-25 15:00:00
21.666666666666668,17.333333333333332,17.0,23.0,35.0,23.0,23.0,15.5,23.5,23.5,26.0,18.0,27.0,18.0,31.0,22.5,2022-06-25 16:00:00
20.33333333333333,16.666666666666668,17.5,20.0,22.0,14.0,20.0,17.0,21.0,21.5,37.0,23.0,21.0,18.0,28.0,23.5,2022-06-25 17:00:00
26.666666666666668,23.666666666666668,18.0,24.0,30.0,26.0,22.5,23.5,24.5,25.5,37.0,31.0,19.0,20.5,26.0,28.0,2022-06-25 18:00:00
27.33333333333333,21.0,22.0,23.5,42.0,20.0,26.5,25.0,23.0,32.0,48.0,35.0,27.0,20.5,33.0,28.5,2022-06-25 19:00:00
25.33333333333333,24.33333333333333,26.5,20.0,34.0,26.0,26.0,20.0,24.0,21.5,38.0,26.0,27.0,14.0,17.0,27.5,2022-06-25 20:00:00
17.0,11.666666666666666,13.5,15.5,17.0,7.0,12.0,11.5,10.0,9.5,11.0,17.0,12.0,10.5,16.0,13.0,2022-06-25 21:00:00
13.0,8.333333333333334,7.0,15.0,29.0,4.0,4.5,9.5,10.5,20.0,26.0,17.0,10.0,15.5,12.0,17.0,2022-06-25 22:00:00
17.666666666666668,7.333333333333333,7.0,17.5,35.0,14.0,16.5,13.5,16.5,20.5,34.0,16.0,9.0,11.5,16.0,18.0,2022-06-25 23:00:00
17.0,11.666666666666666,13.0,15.5,22.0,13.5,15.0,17.5,16.333333333333332,21.5,23.0,16.0,14.0,14.5,16.0,17.5,2022-06-26 00:00:00
20.6,10.666666666666666,10.5,17.5,23.33333333333333,12.5,12.5,18.0,16.333333333333332,18.5,22.0,21.0,17.0,15.5,21.0,14.0,2022-06-26 01:00:00
20.2,14.0,14.5,17.0,21.33333333333333,14.5,12.5,16.5,16.666666666666668,20.5,29.0,20.0,13.0,18.0,18.0,23.0,2022-06-26 02:00:00
22.2,12.666666666666666,12.0,17.0,25.33333333333333,14.0,15.0,18.0,19.33333333333333,20.0,25.0,24.0,13.0,15.0,13.0,19.0,2022-06-26 03:00:00
22.0,13.333333333333334,10.5,19.5,24.0,12.0,12.0,15.5,18.666666666666668,19.0,26.0,25.0,14.0,11.0,18.0,18.5,2022-06-26 04:00:00
19.6,13.666666666666666,18.0,18.5,23.0,10.5,14.0,15.0,11.333333333333334,18.5,25.0,20.0,13.0,12.5,17.0,19.5,2022-06-26 05:00:00
19.6,11.333333333333334,14.0,20.5,23.666666666666668,12.0,17.5,18.5,19.666666666666668,21.0,22.0,17.0,14.0,14.0,17.0,21.0,2022-06-26 06:00:00
21.2,12.333333333333334,15.0,22.0,24.33333333333333,13.5,17.0,16.0,18.666666666666668,17.0,34.0,28.0,17.0,9.5,25.0,21.0,2022-06-26 07:00:00
17.8,12.333333333333334,11.0,12.0,26.666666666666668,19.0,16.0,15.0,14.666666666666666,11.5,25.0,21.0,13.0,5.0,21.0,17.0,2022-06-26 08:00:00
10.8,10.333333333333334,8.0,7.5,13.333333333333334,14.5,7.5,8.0,11.333333333333334,7.0,2.0,7.0,9.0,3.0,5.0,11.5,2022-06-26 09:00:00
11.2,8.333333333333334,8.0,9.5,11.666666666666666,10.5,5.0,11.0,8.666666666666666,10.5,2.0,8.0,9.0,3.0,6.0,10.0,2022-06-26 10:00:00
11.2,8.333333333333334,7.0,12.5,17.0,9.5,7.5,8.0,9.0,14.0,8.0,11.0,7.0,7.0,13.0,10.5,2022-06-26 11:00:00
16.6,11.333333333333334,8.0,9.5,15.0,13.5,9.0,4.5,10.333333333333334,11.5,10.0,13.0,7.0,11.0,14.0,10.0,2022-06-26 12:00:00
12.8,10.0,10.5,25.5,29.33333333333333,7.5,14.5,8.5,11.333333333333334,20.5,21.0,23.0,15.0,23.5,31.0,24.0,2022-06-26 13:00:00
15.4,9.0,11.5,26.5,27.0,15.5,21.0,12.0,15.333333333333334,23.0,41.0,34.0,18.0,18.5,25.0,26.0,2022-06-26 14:00:00
16.8,14.0,12.5,23.0,31.666666666666668,17.5,25.0,13.5,15.0,19.0,37.0,30.0,26.0,7.5,29.0,23.0,2022-06-26 15:00:00
17.6,16.666666666666668,9.5,19.5,19.33333333333333,9.5,12.5,8.0,19.0,22.0,25.0,18.0,19.0,8.5,17.0,18.0,2022-06-26 16:00:00
17.4,10.333333333333334,6.5,15.5,24.666666666666668,7.5,12.5,11.5,22.666666666666668,21.0,23.0,18.0,16.0,9.0,23.0,18.0,2022-06-26 17:00:00
13.6,12.0,8.5,14.0,16.0,8.5,19.5,14.0,16.0,14.5,22.0,15.0,13.0,8.0,14.0,17.0,2022-06-26 18:00:00
9.8,8.0,8.0,8.0,16.333333333333332,9.5,8.5,8.5,8.333333333333334,12.0,11.0,9.0,8.0,7.0,9.0,12.0,2022-06-26 19:00:00
10.6,6.0,9.5,9.5,9.333333333333334,9.0,8.5,7.5,12.333333333333334,9.5,6.0,7.0,13.0,4.5,8.0,9.5,2022-06-26 20:00:00
9.6,5.333333333333333,6.0,6.5,8.0,8.5,11.0,8.0,11.0,9.0,5.0,8.0,9.0,2.0,8.0,8.5,2022-06-26 21:00:00
9.8,3.6666666666666665,10.0,6.0,8.333333333333334,6.5,4.5,8.5,9.333333333333334,9.5,9.0,8.0,4.0,2.0,7.0,8.5,2022-06-26 22:00:00
11.0,4.0,8.5,6.0,9.0,3.5,4.5,9.0,8.333333333333334,11.5,9.0,7.0,9.0,2.0,6.0,4.0,2022-06-26 23:00:00
8.8,4.0,7.0,6.5,10.0,4.0,6.0,8.0,16.0,10.0,4.0,6.0,5.0,2.0,6.0,3.5,2022-06-27 00:00:00
9.8,5.0,7.5,5.5,8.333333333333334,5.5,4.5,4.5,8.666666666666666,9.0,4.0,6.0,3.0,2.0,7.0,4.0,2022-06-27 01:00:00
9.0,5.333333333333333,7.0,5.0,10.0,7.5,3.0,6.5,7.666666666666667,7.0,3.0,6.0,5.0,0.0,5.0,4.0,2022-06-27 02:00:00
9.2,4.333333333333333,5.5,3.0,6.666666666666667,6.0,2.0,4.5,5.333333333333333,7.0,6.0,3.0,7.0,0.0,3.0,3.5,2022-06-27 03:00:00
6.6,3.6666666666666665,6.5,4.5,9.666666666666666,4.0,5.0,4.5,4.333333333333333,7.5,5.0,5.0,8.0,1.5,5.0,3.5,2022-06-27 04:00:00
8.2,4.0,6.5,5.0,6.333333333333333,2.5,5.5,6.0,5.333333333333333,6.0,2.0,5.0,7.0,1.0,4.0,3.0,2022-06-27 05:00:00
8.0,4.0,4.5,3.5,7.333333333333333,2.0,2.0,5.0,5.333333333333333,4.5,2.0,3.0,4.0,1.0,6.0,3.5,2022-06-27 06:00:00
7.2,2.0,2.5,3.5,8.0,5.0,2.5,5.0,6.666666666666667,10.0,2.0,3.0,2.0,1.0,4.0,3.5,2022-06-27 07:00:00
7.4,4.666666666666667,4.5,5.5,12.666666666666666,5.5,6.0,4.5,6.666666666666667,7.0,2.0,5.0,3.0,1.0,6.0,6.5,2022-06-27 08:00:00
10.8,6.333333333333333,6.0,8.0,12.666666666666666,7.0,6.5,5.0,11.666666666666666,8.0,11.0,7.0,4.0,3.0,9.0,5.5,2022-06-27 09:00:00
9.2,7.0,6.5,7.5,14.666666666666666,8.0,11.0,8.0,13.666666666666666,7.0,7.0,10.0,12.0,1.5,14.0,4.0,2022-06-27 10:00:00
7.0,6.666666666666667,5.5,9.0,9.666666666666666,6.0,5.0,6.5,12.333333333333334,5.5,2.0,8.0,9.0,3.0,10.0,5.5,2022-06-27 11:00:00
15.4,6.333333333333333,7.5,17.0,22.33333333333333,4.5,15.5,7.0,14.666666666666666,17.5,24.0,20.0,15.0,6.5,24.0,16.0,2022-06-27 12:00:00
15.6,9.0,9.0,17.5,28.0,14.5,17.0,6.5,18.666666666666668,11.5,15.0,25.0,15.0,7.5,20.0,16.5,2022-06-27 13:00:00
13.6,8.666666666666666,9.0,29.0,29.33333333333333,13.0,20.5,6.0,14.666666666666666,14.5,21.0,21.0,19.0,9.5,25.0,20.0,2022-06-27 14:00:00
10.0,7.333333333333333,8.5,17.0,27.33333333333333,9.5,13.0,7.0,23.666666666666668,13.5,9.0,19.0,9.0,7.0,27.0,17.0,2022-06-27 15:00:00
8.8,7.333333333333333,8.5,12.5,23.666666666666668,12.0,16.5,7.5,11.666666666666666,17.0,11.0,15.0,11.0,4.0,26.0,20.0,2022-06-27 16:00:00
12.8,10.333333333333334,7.5,17.5,21.33333333333333,9.0,16.0,8.5,12.333333333333334,13.0,7.0,15.0,18.0,3.5,22.0,14.5,2022-06-27 17:00:00
12.2,9.666666666666666,9.0,15.5,21.33333333333333,14.5,14.0,7.5,13.333333333333334,10.0,5.0,24.0,12.0,4.0,16.0,21.0,2022-06-27 18:00:00
13.4,9.333333333333334,13.0,16.5,31.0,14.5,21.5,9.5,15.666666666666666,14.5,19.0,27.0,14.0,9.0,24.0,23.5,2022-06-27 19:00:00
11.4,12.666666666666666,10.0,17.5,30.33333333333333,15.5,18.5,10.0,11.666666666666666,15.5,25.0,28.0,17.0,12.0,20.0,21.5,2022-06-27 20:00:00
17.0,11.333333333333334,7.0,19.0,30.666666666666668,16.5,18.0,10.5,15.666666666666666,18.0,25.0,18.0,19.0,11.5,14.0,20.0,2022-06-27 21:00:00
14.6,11.333333333333334,10.5,16.0,28.0,14.0,19.5,16.5,16.333333333333332,18.0,28.0,27.0,17.0,11.5,23.0,18.0,2022-06-27 22:00:00
19.2,11.666666666666666,14.5,14.5,30.666666666666668,13.5,19.5,14.5,16.333333333333332,19.5,27.0,19.0,18.0,11.0,21.0,19.0,2022-06-27 23:00:00
16.0,11.333333333333334,14.0,15.0,29.0,13.0,15.0,12.5,21.0,18.0,34.0,21.0,18.0,12.0,18.0,21.5,2022-06-28 00:00:00
16.4,9.666666666666666,13.0,16.5,22.666666666666668,14.5,15.5,15.5,23.0,26.0,29.0,21.0,17.0,10.5,19.0,19.5,2022-06-28 01:00:00
14.4,11.0,12.5,17.0,22.0,10.0,17.0,16.5,15.333333333333334,19.5,34.0,24.0,14.0,9.5,21.0,18.0,2022-06-28 02:00:00
14.8,10.333333333333334,14.5,17.0,27.666666666666668,13.5,14.5,13.5,15.333333333333334,18.0,33.0,21.0,16.0,10.5,20.0,20.5,2022-06-28 03:00:00
12.8,10.666666666666666,8.5,18.0,19.0,9.5,13.5,17.5,15.666666666666666,14.0,14.0,16.0,17.0,6.0,13.0,15.5,2022-06-28 04:00:00
15.2,9.666666666666666,9.5,10.0,17.666666666666668,5.0,18.5,16.5,17.666666666666668,15.5,13.0,17.0,13.0,2.5,13.0,12.5,2022-06-28 05:00:00
20.6,14.0,11.0,19.5,23.33333333333333,10.0,21.0,15.0,22.33333333333333,22.5,35.0,18.0,10.0,4.0,19.0,16.5,2022-06-28 06:00:00
18.2,13.333333333333334,10.5,20.0,29.666666666666668,14.0,13.5,20.0,19.666666666666668,19.5,32.0,22.0,17.0,7.5,27.0,18.5,2022-06-28 07:00:00
16.8,11.0,13.5,22.0,26.0,16.5,18.0,20.5,19.0,16.0,23.0,20.0,11.0,5.5,23.0,16.5,2022-06-28 08:00:00
19.6,11.0,8.0,13.0,20.33333333333333,7.5,15.0,15.5,25.666666666666668,25.5,32.0,0.0,13.0,3.5,12.0,17.5,2022-06-28 09:00:00
19.0,12.666666666666666,7.5,18.5,24.33333333333333,14.5,14.0,15.0,17.0,21.0,26.0,24.0,14.0,7.0,19.0,16.0,2022-06-28 10:00:00
24.2,14.666666666666666,9.5,24.0,30.0,16.0,19.0,22.5,26.666666666666668,23.0,39.0,21.0,17.0,11.0,24.0,21.5,2022-06-28 11:00:00
24.6,17.0,15.5,24.0,34.333333333333336,18.0,25.0,25.0,28.666666666666668,29.5,42.0,20.0,17.0,13.5,24.0,20.5,2022-06-28 12:00:00
18.8,14.333333333333334,9.5,23.0,18.0,18.0,10.5,17.5,23.666666666666668,19.5,27.0,19.0,12.0,14.0,18.0,16.0,2022-06-28 13:00:00
22.0,8.0,12.0,21.5,29.666666666666668,14.0,29.5,22.5,31.33333333333333,20.5,26.0,22.0,18.0,16.5,24.0,21.5,2022-06-28 14:00:00
23.4,11.666666666666666,13.0,24.0,32.0,23.5,16.5,21.0,27.0,30.0,40.0,27.0,23.0,17.5,35.0,21.5,2022-06-28 15:00:00
17.2,15.333333333333334,14.0,22.5,28.0,15.0,20.5,25.5,26.33333333333333,24.5,42.0,29.0,16.0,19.5,23.0,19.5,2022-06-28 16:00:00
19.0,12.666666666666666,18.5,24.5,29.0,17.5,27.0,25.5,31.666666666666668,27.0,44.0,35.0,18.0,17.5,26.0,21.5,2022-06-28 17:00:00
17.8,14.333333333333334,13.5,22.5,23.666666666666668,18.5,21.0,22.5,26.33333333333333,22.5,39.0,27.0,19.0,17.5,26.0,21.0,2022-06-28 18:00:00
16.2,10.666666666666666,15.5,22.0,30.33333333333333,15.5,13.5,16.5,20.666666666666668,19.0,15.0,24.0,10.0,14.0,25.0,20.0,2022-06-28 19:00:00
17.2,10.333333333333334,9.5,19.5,23.0,12.5,12.5,16.5,18.666666666666668,19.0,26.0,25.0,10.0,11.0,21.0,23.5,2022-06-28 20:00:00
16.4,11.666666666666666,14.0,21.0,27.666666666666668,11.5,17.5,15.5,16.666666666666668,17.5,32.0,23.0,19.0,9.0,26.0,22.5,2022-06-28 21:00:00
15.8,11.333333333333334,12.5,19.0,32.0,13.5,17.0,16.5,16.666666666666668,21.5,43.0,31.0,15.0,10.5,21.0,20.5,2022-06-28 22:00:00
16.2,12.0,16.0,18.0,31.33333333333333,14.5,16.5,20.0,21.0,22.5,50.0,24.0,18.0,15.0,28.0,22.0,2022-06-28 23:00:00
17.4,15.0,13.5,19.0,29.666666666666668,19.0,19.0,24.5,22.666666666666668,23.0,43.0,28.0,13.0,12.0,20.0,21.0,2022-06-29 00:00:00
18.2,15.333333333333334,12.5,15.5,29.666666666666668,17.5,13.0,22.0,21.33333333333333,25.5,43.0,22.0,16.0,11.0,24.0,21.0,2022-06-29 01:00:00
17.8,14.333333333333334,16.0,19.5,28.33333333333333,18.0,18.5,23.5,26.0,23.0,42.0,23.0,20.0,8.5,22.0,15.0,2022-06-29 02:00:00
16.4,12.666666666666666,9.0,20.5,32.333333333333336,16.5,13.5,15.5,12.0,27.0,36.0,25.0,20.0,10.5,21.0,22.5,2022-06-29 03:00:00
18.8,8.0,12.0,20.5,24.666666666666668,13.5,15.0,17.0,21.0,19.5,33.0,25.0,6.0,11.5,22.0,18.5,2022-06-29 04:00:00
16.0,8.333333333333334,15.0,20.0,26.33333333333333,10.5,18.0,20.0,18.33333333333333,19.0,36.0,26.0,13.0,13.0,16.0,20.5,2022-06-29 05:00:00
15.6,14.333333333333334,12.0,17.5,16.666666666666668,12.5,14.0,21.0,19.0,17.5,24.0,28.0,14.0,12.0,8.0,19.5,2022-06-29 06:00:00
12.2,9.0,8.5,17.5,23.666666666666668,12.0,12.0,22.5,25.0,25.0,42.0,15.0,11.0,10.5,21.0,17.5,2022-06-29 07:00:00
15.0,11.333333333333334,14.5,21.0,28.0,16.5,17.5,17.5,23.0,24.5,34.0,23.0,11.0,7.0,21.0,18.5,2022-06-29 08:00:00
17.8,13.0,10.0,21.0,29.0,16.5,19.0,19.5,25.666666666666668,21.5,39.0,23.0,18.0,8.0,20.0,20.5,2022-06-29 09:00:00
17.6,16.333333333333332,16.0,23.0,29.666666666666668,19.5,27.0,22.5,33.333333333333336,22.5,42.0,34.0,19.0,16.0,27.0,25.0,2022-06-29 10:00:00
15.2,11.0,8.5,21.5,27.666666666666668,19.0,17.5,15.5,28.666666666666668,24.5,27.0,24.0,16.0,13.5,24.0,22.5,2022-06-29 11:00:00
17.6,13.0,11.0,20.5,28.33333333333333,13.5,27.0,21.0,27.0,26.5,42.0,27.0,16.0,19.0,24.0,20.5,2022-06-29 12:00:00
17.2,12.0,14.5,22.0,28.666666666666668,9.0,16.5,22.5,28.666666666666668,23.5,35.0,21.0,17.0,13.0,22.0,19.5,2022-06-29 13:00:00
15.2,14.333333333333334,12.5,23.0,30.33333333333333,5.0,19.0,20.0,30.33333333333333,23.5,45.0,22.0,12.0,19.0,23.0,22.5,2022-06-29 14:00:00
16.0,11.0,9.5,21.0,24.666666666666668,15.5,17.5,21.5,30.666666666666668,24.0,25.0,22.0,11.0,15.0,24.0,22.5,2022-06-29 15:00:00
13.6,9.0,12.0,20.5,24.0,14.5,13.0,18.5,27.666666666666668,26.0,36.0,25.0,17.0,19.0,22.0,20.5,2022-06-29 16:00:00
16.4,13.333333333333334,10.0,19.5,26.33333333333333,17.0,20.5,21.0,24.0,25.5,34.0,25.0,20.0,18.0,24.0,19.5,2022-06-29 17:00:00
17.2,14.666666666666666,10.5,20.0,24.666666666666668,14.0,21.0,19.0,19.666666666666668,20.0,37.0,25.0,13.0,15.0,18.0,19.5,2022-06-29 18:00:00
13.4,11.666666666666666,9.5,21.0,18.33333333333333,12.0,11.0,17.5,19.0,15.5,26.0,19.0,9.0,13.5,20.0,15.5,2022-06-29 19:00:00
15.8,9.0,8.0,21.0,28.666666666666668,15.0,21.0,19.5,22.0,18.5,40.0,26.0,18.0,14.0,23.0,22.0,2022-06-29 20:00:00
15.6,14.333333333333334,17.5,19.5,28.33333333333333,11.0,17.5,21.5,22.0,17.5,38.0,25.0,17.0,11.0,27.0,22.0,2022-06-29 21:00:00
15.6,12.333333333333334,8.0,17.5,25.33333333333333,13.0,15.5,18.5,15.333333333333334,17.0,31.0,25.0,14.0,10.0,17.0,21.5,2022-06-29 22:00:00
15.2,9.0,13.5,17.5,29.33333333333333,12.0,13.0,16.5,17.333333333333332,20.5,29.0,24.0,12.0,8.5,23.0,19.0,2022-06-29 23:00:00
15.2,10.666666666666666,10.5,16.5,27.666666666666668,6.5,17.0,20.0,23.0,19.0,29.0,20.0,16.0,12.0,18.0,15.5,2022-06-30 00:00:00
18.6,15.666666666666666,12.0,16.5,26.33333333333333,16.5,14.5,16.5,17.333333333333332,19.5,24.0,23.0,19.0,9.0,13.0,18.0,2022-06-30 01:00:00
14.0,11.666666666666666,11.0,15.0,22.666666666666668,13.0,17.0,18.5,15.666666666666666,15.5,25.0,21.0,13.0,6.5,16.0,16.5,2022-06-30 02:00:00
12.2,10.666666666666666,14.5,16.0,22.666666666666668,15.0,10.5,14.5,15.666666666666666,17.0,27.0,14.0,17.0,5.0,22.0,20.5,2022-06-30 03:00:00
12.0,10.333333333333334,12.0,10.5,16.666666666666668,11.0,13.0,13.5,16.333333333333332,18.5,22.0,15.0,13.0,3.0,8.0,14.0,2022-06-30 04:00:00
14.6,12.0,11.0,8.5,22.0,13.0,17.0,11.5,15.666666666666666,14.5,26.0,17.0,12.0,2.0,16.0,15.5,2022-06-30 05:00:00
11.4,11.333333333333334,9.5,6.5,17.0,9.5,14.0,13.5,14.666666666666666,13.0,23.0,12.0,12.0,2.0,12.0,15.5,2022-06-30 06:00:00
12.8,13.333333333333334,9.0,7.0,15.666666666666666,9.5,8.0,15.5,20.0,8.5,15.0,10.0,10.0,2.0,8.0,12.5,2022-06-30 07:00:00
8.8,9.666666666666666,11.5,6.5,17.0,13.0,11.0,17.5,20.666666666666668,11.5,17.0,9.0,17.0,2.0,11.0,11.0,2022-06-30 08:00:00
10.4,15.666666666666666,11.0,12.5,17.0,15.5,14.0,18.0,22.0,10.0,13.0,12.0,11.0,1.0,10.0,13.0,2022-06-30 09:00:00
9.6,11.666666666666666,12.5,11.5,21.0,16.0,17.5,10.5,17.333333333333332,12.0,12.0,10.0,15.0,3.5,11.0,12.0,2022-06-30 10:00:00
16.0,13.666666666666666,9.0,16.0,13.333333333333334,13.0,12.5,9.5,16.333333333333332,16.5,22.0,8.0,12.0,4.0,15.0,15.5,2022-06-30 11:00:00
13.8,14.0,9.0,13.0,13.0,14.5,10.5,12.0,15.333333333333334,14.5,14.0,12.0,17.0,4.5,15.0,14.5,2022-06-30 12:00:00
14.8,9.0,8.0,12.0,17.333333333333332,14.0,16.5,14.0,14.333333333333334,10.5,13.0,10.0,15.0,7.5,16.0,15.0,2022-06-30 13:00:00
15.0,9.333333333333334,11.5,9.5,22.666666666666668,14.0,27.0,11.0,17.0,15.0,22.0,15.0,14.0,6.0,14.0,13.5,2022-06-30 14:00:00
14.8,11.666666666666666,15.0,7.5,23.33333333333333,14.5,10.0,6.5,18.666666666666668,13.0,12.0,15.0,16.0,35.0,17.0,13.0,2022-06-30 15:00:00
16.0,10.0,11.0,6.5,24.666666666666668,14.5,12.5,13.0,20.0,18.0,12.0,17.0,15.0,2.0,21.0,11.5,2022-06-30 16:00:00
11.6,12.666666666666666,10.5,8.5,29.666666666666668,11.0,46.5,19.0,19.666666666666668,16.5,20.0,14.0,16.0,3.5,15.0,11.0,2022-06-30 17:00:00
12.4,14.0,8.5,11.5,24.0,14.0,13.0,12.0,15.0,15.5,16.0,10.0,14.0,4.5,15.0,14.5,2022-06-30 18:00:00
13.2,10.666666666666666,11.0,13.5,18.0,14.5,16.5,11.0,14.0,13.5,15.0,13.0,12.0,6.0,15.0,11.0,2022-06-30 19:00:00
17.0,10.333333333333334,9.0,12.0,16.333333333333332,7.5,21.0,11.5,14.333333333333334,18.0,20.0,13.0,12.0,6.5,11.0,15.0,2022-06-30 20:00:00
13.6,9.0,18.0,13.0,12.0,9.0,23.0,11.0,15.666666666666666,20.0,24.0,16.0,8.0,7.0,19.0,13.0,2022-06-30 21:00:00
12.0,10.333333333333334,11.5,15.5,25.0,9.5,20.5,10.5,13.666666666666666,13.0,17.0,15.0,10.0,7.0,16.0,14.5,2022-06-30 22:00:00
12.8,8.0,13.0,10.5,8.0,8.0,11.0,11.0,12.666666666666666,23.0,9.0,15.0,9.0,8.0,10.0,16.5,2022-06-30 23:00:00
